"datetime_15","25 bps decrease","25 bps increase","50+ bps decrease","50+ bps increase","No change","probability_sum"
2026-07-22 09:00:00,0.0035,0.163,0.0015,0.0065,0.834,1.0085
2026-07-22 09:15:00,0.0035,0.159,0.0015,0.0065,0.8375,1.008
2026-07-22 09:30:00,0.0035,0.1585,0.0015,0.0065,0.8395,1.0095
2026-07-22 09:45:00,0.0035,0.1585,0.0015,0.0065,0.8395,1.0095
2026-07-22 10:00:00,0.0035,0.1585,0.0015,0.0065,0.8395,1.0095
2026-07-22 10:15:00,0.0035,0.187,0.0015,0.0065,0.806,1.0045
2026-07-22 10:30:00,0.0035,0.2425,0.0015,0.008,0.7525,1.008
2026-07-22 10:45:00,0.0035,0.2355,0.0015,0.0075,0.7505,0.9985
2026-07-22 11:00:00,0.0035,0.228,0.0015,0.0075,0.76,1.0005
2026-07-22 11:15:00,0.0035,0.2065,0.0015,0.0075,0.7845,1.0035
2026-07-22 11:30:00,0.0035,0.22,0.0015,0.0085,0.7705,1.004
2026-07-22 11:45:00,0.0035,0.214,0.0015,0.0085,0.7655,0.993
2026-07-22 12:00:00,0.0035,0.222,0.0015,0.0085,0.7625,0.998
2026-07-22 12:15:00,0.0035,0.2205,0.0015,0.0085,0.7595,0.9935
2026-07-22 12:30:00,0.0035,0.2305,0.0015,0.0085,0.7645,1.0085
2026-07-22 12:45:00,0.0035,0.22,0.0015,0.0085,0.7815,1.015
2026-07-22 13:00:00,0.0035,0.222,0.0015,0.0085,0.7795,1.015
2026-07-22 13:15:00,0.0035,0.2135,0.0015,0.0085,0.7795,1.0065
2026-07-22 13:30:00,0.0035,0.216,0.0015,0.0085,0.7785,1.008
2026-07-22 13:45:00,0.0035,0.2145,0.0015,0.0085,0.7785,1.0065
2026-07-22 14:00:00,0.0035,0.215,0.0015,0.0085,0.779,1.0075
2026-07-22 14:15:00,0.0035,0.211,0.0015,0.0085,0.7755,1
2026-07-22 14:30:00,0.0035,0.212,0.0015,0.0085,0.777,1.0025
2026-07-22 14:45:00,0.0035,0.215,0.0015,0.0085,0.7795,1.008
2026-07-22 15:00:00,0.0035,0.2205,0.0015,0.0085,0.776,1.01
2026-07-22 15:15:00,0.0035,0.221,0.0015,0.0085,0.775,1.0095
2026-07-22 15:30:00,0.0035,0.217,0.0015,0.0085,0.7735,1.004
2026-07-22 15:45:00,0.0035,0.2255,0.0015,0.0085,0.7625,1.0015
2026-07-22 16:00:00,0.0035,0.2255,0.0015,0.0085,0.7665,1.0055
2026-07-22 16:15:00,0.0035,0.2205,0.0015,0.0085,0.7675,1.0015
2026-07-22 16:30:00,0.0035,0.2205,0.0015,0.0085,0.7675,1.0015
2026-07-22 16:45:00,0.0035,0.2205,0.0015,0.0085,0.7725,1.0065
2026-07-22 17:00:00,0.0035,0.2205,0.0015,0.0085,0.7715,1.0055
2026-07-22 17:15:00,0.0035,0.2205,0.0015,0.0085,0.7705,1.0045
2026-07-22 17:30:00,0.0035,0.2235,0.0015,0.0085,0.7695,1.0065
2026-07-22 17:45:00,0.0035,0.224,0.0015,0.0085,0.7695,1.007
2026-07-22 18:00:00,0.0035,0.225,0.0015,0.0085,0.7695,1.008
2026-07-22 18:15:00,0.0035,0.2255,0.0015,0.0085,0.7695,1.0085
2026-07-22 18:30:00,0.0035,0.2285,0.0015,0.0085,0.7655,1.0075
2026-07-22 18:45:00,0.0035,0.229,0.0015,0.0085,0.7655,1.008
2026-07-22 19:00:00,0.0035,0.2335,0.0015,0.0085,0.7615,1.0085
2026-07-22 19:15:00,0.0035,0.2305,0.0015,0.0085,0.767,1.011
2026-07-22 19:30:00,0.0035,0.2295,0.0015,0.0085,0.7705,1.0135
2026-07-22 19:45:00,0.0035,0.2275,0.0015,0.0085,0.7705,1.0115
2026-07-22 20:00:00,0.0035,0.227,0.0015,0.0085,0.7695,1.01
2026-07-22 20:15:00,0.0035,0.2385,0.0015,0.0085,0.7535,1.0055
2026-07-22 20:30:00,0.0035,0.2355,0.0015,0.0085,0.7505,0.9995
2026-07-22 20:45:00,0.0035,0.2355,0.0015,0.0085,0.7535,1.0025
2026-07-22 21:00:00,0.0035,0.2305,0.0015,0.0085,0.7555,0.9995
2026-07-22 21:15:00,0.0035,0.2315,0.0015,0.0085,0.7565,1.0015
2026-07-22 21:30:00,0.0035,0.2455,0.0015,0.0085,0.7515,1.0105
2026-07-22 21:45:00,0.0035,0.234,0.0015,0.0085,0.7525,1
2026-07-22 22:00:00,0.0035,0.2345,0.0015,0.0085,0.7525,1.0005
2026-07-22 22:15:00,0.0035,0.2345,0.0015,0.0085,0.7525,1.0005
2026-07-22 22:30:00,0.0035,0.2345,0.0015,0.0085,0.751,0.999
2026-07-22 22:45:00,0.0035,0.2535,0.0015,0.0085,0.7455,1.0125
2026-07-22 23:00:00,0.0035,0.253,0.0015,0.0085,0.7455,1.012
2026-07-22 23:15:00,0.0035,0.2535,0.0015,0.0085,0.7455,1.0125
2026-07-22 23:30:00,0.0035,0.2525,0.0015,0.0085,0.7465,1.0125
2026-07-22 23:45:00,0.0035,0.2525,0.0015,0.0085,0.7465,1.0125
2026-07-23,0.0035,0.2525,0.0015,0.0085,0.7465,1.0125
2026-07-23 00:15:00,0.0035,0.242,0.0015,0.0085,0.7495,1.005
2026-07-23 00:30:00,0.0035,0.241,0.0015,0.0085,0.7495,1.004
2026-07-23 00:45:00,0.0035,0.241,0.0015,0.0085,0.7535,1.008
2026-07-23 01:00:00,0.0035,0.241,0.0015,0.0085,0.7535,1.008
2026-07-23 01:15:00,0.0035,0.241,0.0015,0.0085,0.7535,1.008
2026-07-23 01:30:00,0.0035,0.24,0.0015,0.008,0.753,1.006
2026-07-23 01:45:00,0.0035,0.2395,0.0015,0.0075,0.754,1.006
2026-07-23 02:00:00,0.0035,0.2395,0.0015,0.0075,0.7545,1.0065
2026-07-23 02:15:00,0.0035,0.2395,0.0015,0.0075,0.7545,1.0065
2026-07-23 02:30:00,0.0035,0.2395,0.0015,0.0075,0.7545,1.0065
2026-07-23 02:45:00,0.0035,0.2415,0.0015,0.0075,0.7555,1.0095
2026-07-23 03:00:00,0.0035,0.2415,0.0015,0.0075,0.7545,1.0085
2026-07-23 03:15:00,0.0035,0.2425,0.0015,0.0075,0.7545,1.0095
2026-07-23 03:30:00,0.0035,0.2425,0.0015,0.0075,0.7495,1.0045
2026-07-23 03:45:00,0.0035,0.2405,0.0015,0.0075,0.7615,1.0145
2026-07-23 04:00:00,0.0035,0.2325,0.0015,0.0075,0.7625,1.0075
2026-07-23 04:15:00,0.0035,0.2335,0.0015,0.0075,0.7615,1.0075
2026-07-23 04:30:00,0.0035,0.2335,0.0015,0.0075,0.7615,1.0075
2026-07-23 04:45:00,0.0035,0.2335,0.0015,0.0075,0.7615,1.0075
2026-07-23 05:00:00,0.0035,0.2385,0.0015,0.0075,0.7595,1.0105
2026-07-23 05:15:00,0.0035,0.2395,0.0015,0.0075,0.7605,1.0125
2026-07-23 05:30:00,0.0035,0.2335,0.0015,0.0065,0.7655,1.0105
2026-07-23 05:45:00,0.0035,0.2315,0.0015,0.0065,0.7685,1.0115
2026-07-23 06:00:00,0.0035,0.204,0.0015,0.0065,0.7775,0.993
2026-07-23 06:15:00,0.0035,0.213,0.0015,0.0065,0.7635,0.988
2026-07-23 06:30:00,0.0035,0.2175,0.0015,0.0065,0.775,1.004
2026-07-23 06:45:00,0.0035,0.217,0.0015,0.0065,0.7785,1.007
2026-07-23 07:00:00,0.0035,0.2165,0.0015,0.0065,0.7785,1.0065
2026-07-23 07:15:00,0.0035,0.2205,0.0015,0.0065,0.7785,1.0105
2026-07-23 07:30:00,0.0035,0.2215,0.0015,0.0065,0.7745,1.0075
2026-07-23 07:45:00,0.0035,0.2305,0.0015,0.0065,0.7625,1.0045
2026-07-23 08:00:00,0.0035,0.2335,0.0015,0.0065,0.7615,1.0065
2026-07-23 08:15:00,0.0035,0.242,0.0015,0.0065,0.7585,1.012
2026-07-23 08:30:00,0.0035,0.2405,0.0015,0.0065,0.7555,1.0075
2026-07-23 08:45:00,0.0035,0.2495,0.0015,0.0065,0.7405,1.0015
2026-07-23 09:00:00,0.0035,0.2625,0.0015,0.0075,0.7295,1.0045
2026-07-23 09:15:00,0.0035,0.2655,0.0015,0.0075,0.717,0.995
2026-07-23 09:30:00,0.0035,0.2685,0.0015,0.0075,0.7265,1.0075
2026-07-23 09:45:00,0.0035,0.2625,0.0015,0.0075,0.726,1.001
2026-07-23 10:00:00,0.0035,0.2615,0.0015,0.0075,0.7245,0.9985
2026-07-23 10:15:00,0.0035,0.2845,0.0015,0.0075,0.7085,1.0055
2026-07-23 10:30:00,0.0035,0.2845,0.0015,0.0075,0.7125,1.0095
2026-07-23 10:45:00,0.0035,0.2785,0.0015,0.0075,0.7105,1.0015
2026-07-23 11:00:00,0.0035,0.2785,0.0015,0.0075,0.7115,1.0025
2026-07-23 11:15:00,0.0035,0.2615,0.0015,0.0075,0.7185,0.9925
2026-07-23 11:30:00,0.0035,0.2565,0.0015,0.0075,0.7355,1.0045
2026-07-23 11:45:00,0.0035,0.254,0.0015,0.0075,0.7295,0.996
2026-07-23 12:00:00,0.0035,0.253,0.0015,0.0075,0.7315,0.997
2026-07-23 12:15:00,0.0035,0.246,0.0015,0.0065,0.741,0.9985
2026-07-23 12:30:00,0.0035,0.2445,0.0015,0.0065,0.7405,0.9965
2026-07-23 12:45:00,0.0035,0.2495,0.0015,0.0065,0.7395,1.0005
2026-07-23 13:00:00,0.0035,0.247,0.0015,0.0065,0.7395,0.998
2026-07-23 13:15:00,0.0035,0.256,0.0015,0.0065,0.7395,1.007
2026-07-23 13:30:00,0.0035,0.2585,0.0015,0.0065,0.7395,1.0095
2026-07-23 13:45:00,0.0035,0.2585,0.0015,0.0065,0.7365,1.0065
2026-07-23 14:00:00,0.0035,0.251,0.0015,0.0065,0.733,0.9955
2026-07-23 14:15:00,0.0035,0.246,0.0015,0.0065,0.735,0.9925
2026-07-23 14:30:00,0.0035,0.2465,0.0015,0.0065,0.7385,0.9965
2026-07-23 14:45:00,0.0035,0.25,0.0015,0.0065,0.7375,0.999
2026-07-23 15:00:00,0.0035,0.2515,0.0015,0.0065,0.7385,1.0015
2026-07-23 15:15:00,0.0035,0.2515,0.0015,0.0065,0.7385,1.0015
2026-07-23 15:30:00,0.0035,0.2565,0.0015,0.0065,0.7375,1.0055
2026-07-23 15:45:00,0.0035,0.2565,0.0015,0.0065,0.7375,1.0055
2026-07-23 16:00:00,0.0035,0.2565,0.0015,0.0065,0.742,1.01
2026-07-23 16:15:00,0.0035,0.2565,0.0015,0.0065,0.7405,1.0085
2026-07-23 16:30:00,0.0035,0.2585,0.0015,0.0065,0.7325,1.0025
2026-07-23 16:45:00,0.0035,0.252,0.0015,0.0065,0.7335,0.997
2026-07-23 17:00:00,0.0035,0.2485,0.0015,0.0065,0.7425,1.0025
2026-07-23 17:15:00,0.0035,0.2425,0.0015,0.0065,0.741,0.995
2026-07-23 17:30:00,0.0035,0.2435,0.0015,0.0065,0.7445,0.9995
2026-07-23 17:45:00,0.0035,0.246,0.0015,0.0065,0.7415,0.999
2026-07-23 18:00:00,0.0035,0.246,0.0015,0.0065,0.7415,0.999
2026-07-23 18:15:00,0.0035,0.245,0.0015,0.0065,0.743,0.9995
2026-07-23 18:30:00,0.0035,0.2445,0.0015,0.0065,0.7415,0.9975
2026-07-23 18:45:00,0.0035,0.2445,0.0015,0.0065,0.7425,0.9985
2026-07-23 19:00:00,0.0035,0.2445,0.0015,0.0075,0.7425,0.9995
2026-07-23 19:15:00,0.0035,0.2445,0.0015,0.0075,0.7395,0.9965
2026-07-23 19:30:00,0.0035,0.248,0.0015,0.0075,0.7395,1
2026-07-23 19:45:00,0.0035,0.2455,0.0015,0.0075,0.7375,0.9955
2026-07-23 20:00:00,0.0035,0.2465,0.0015,0.0065,0.7375,0.9955
2026-07-23 20:15:00,0.0035,0.2485,0.0015,0.0065,0.7375,0.9975
2026-07-23 20:30:00,0.0035,0.2485,0.0015,0.0065,0.7375,0.9975
2026-07-23 20:45:00,0.0035,0.2485,0.0015,0.0065,0.7375,0.9975
2026-07-23 21:00:00,0.0035,0.2485,0.0015,0.0065,0.7365,0.9965
2026-07-23 21:15:00,0.0035,0.2505,0.0015,0.0065,0.7365,0.9985
2026-07-23 21:30:00,0.0035,0.2535,0.0015,0.0065,0.7365,1.0015
2026-07-23 21:45:00,0.0035,0.2445,0.0015,0.0065,0.7365,0.9925
2026-07-23 22:00:00,0.0035,0.2445,0.0015,0.0065,0.7365,0.9925
2026-07-23 22:15:00,0.0035,0.2445,0.0015,0.0065,0.7365,0.9925
2026-07-23 22:30:00,0.0035,0.248,0.0015,0.0065,0.7365,0.996
2026-07-23 22:45:00,0.0035,0.2465,0.0015,0.0065,0.7425,1.0005
2026-07-23 23:00:00,0.0035,0.2465,0.0015,0.0065,0.7425,1.0005
2026-07-23 23:15:00,0.0035,0.2465,0.0015,0.0065,0.7425,1.0005
2026-07-23 23:30:00,0.0035,0.2465,0.0015,0.0065,0.7365,0.9945
2026-07-23 23:45:00,0.0035,0.248,0.0015,0.0065,0.7425,1.002
2026-07-24,0.0035,0.248,0.0015,0.0065,0.7435,1.003
2026-07-24 00:15:00,0.0035,0.248,0.0015,0.0065,0.7415,1.001
2026-07-24 00:30:00,0.0035,0.248,0.0015,0.0065,0.7395,0.999
2026-07-24 00:45:00,0.0035,0.2475,0.0015,0.0065,0.7395,0.9985
2026-07-24 01:00:00,0.0035,0.2475,0.0015,0.0065,0.7395,0.9985
2026-07-24 01:15:00,0.0035,0.2475,0.0015,0.0065,0.7395,0.9985
2026-07-24 01:30:00,0.0035,0.2475,0.0015,0.0065,0.7395,0.9985
2026-07-24 01:45:00,0.0035,0.2475,0.0015,0.0065,0.7405,0.9995
2026-07-24 02:00:00,0.0035,0.2475,0.0015,0.0065,0.7405,0.9995
2026-07-24 02:15:00,0.0035,0.2475,0.0015,0.0065,0.7395,0.9985
2026-07-24 02:30:00,0.0035,0.2475,0.0015,NA,NA,NA
2026-07-24 02:45:00,0.0035,0.2475,0.0015,0.0065,0.7405,0.9995
2026-07-24 03:00:00,0.0035,0.248,0.0015,0.0065,0.7405,1
2026-07-24 03:15:00,0.0035,0.2475,0.0015,0.0065,0.7405,0.9995
2026-07-24 03:30:00,0.0035,0.251,0.0015,0.0065,0.7415,1.004
2026-07-24 03:45:00,0.0035,0.2495,0.0015,0.0065,0.7445,1.0055
2026-07-24 04:00:00,0.0035,0.2495,0.0015,0.0065,0.7495,1.0105
2026-07-24 04:15:00,0.0035,0.2475,0.0015,0.0065,0.7485,1.0075
2026-07-24 04:30:00,0.0035,0.2445,0.0015,0.0055,0.7485,1.0035
2026-07-24 04:45:00,0.0035,0.2445,0.0015,0.0055,0.7495,1.0045
2026-07-24 05:00:00,0.0035,0.2445,0.0015,0.0055,0.7495,1.0045
2026-07-24 05:15:00,0.0035,0.2435,0.0015,0.0055,0.7575,1.0115
2026-07-24 05:30:00,0.0035,0.2365,0.0015,0.0055,0.7575,1.0045
2026-07-24 05:45:00,0.0035,0.236,0.0015,0.0055,0.7575,1.004
2026-07-24 06:00:00,0.0035,0.2355,0.0015,0.0055,0.7575,1.0035
2026-07-24 06:15:00,0.0035,0.233,0.0015,0.0055,0.7575,1.001
2026-07-24 06:30:00,0.0035,0.2315,0.0015,0.0055,0.7585,1.0005
2026-07-24 06:45:00,0.0035,0.2305,0.0015,0.0055,0.7585,0.9995
2026-07-24 07:00:00,0.0035,0.2305,0.0015,0.0055,0.7575,0.9985
2026-07-24 07:15:00,0.0035,0.2305,0.0015,0.0055,0.757,0.998
2026-07-24 07:30:00,0.0035,0.2305,0.0015,0.0055,0.7575,0.9985
2026-07-24 07:45:00,0.0035,0.2315,0.0015,0.0055,0.7575,0.9995
2026-07-24 08:00:00,0.0035,0.2325,0.0015,0.0055,0.7575,1.0005
2026-07-24 08:15:00,0.0035,0.2325,0.0015,0.0055,0.7565,0.9995
2026-07-24 08:30:00,0.0035,0.234,0.0015,0.0055,0.7515,0.996
2026-07-24 08:45:00,0.0035,0.2335,0.0015,0.0055,0.7515,0.9955
2026-07-24 09:00:00,0.0035,0.2345,0.0015,0.0055,0.7515,0.9965
2026-07-24 09:15:00,0.0035,0.2345,0.0015,0.0055,0.7455,0.9905
2026-07-24 09:30:00,0.0035,0.2415,0.0015,0.0055,0.7385,0.9905
2026-07-24 09:45:00,0.0035,0.243,0.0015,0.0055,0.739,0.9925
2026-07-24 10:00:00,0.0035,0.2435,0.0015,0.0055,0.7375,0.9915
2026-07-24 10:15:00,0.0035,0.2475,0.0015,0.0065,0.735,0.994
2026-07-24 10:30:00,0.0035,0.244,0.0015,0.0065,0.7325,0.988
2026-07-24 10:45:00,0.0035,0.2485,0.0015,0.0065,0.731,0.991
2026-07-24 11:00:00,0.0035,0.251,0.0015,0.0065,0.7325,0.995
2026-07-24 11:15:00,0.0035,0.2515,0.0015,0.0065,0.7355,0.9985
2026-07-24 11:30:00,0.0035,0.243,0.0015,0.0065,0.753,1.0075
2026-07-24 11:45:00,0.0035,0.2315,0.0015,0.0065,0.7665,1.0095
2026-07-24 12:00:00,0.0035,0.232,0.0015,0.0065,0.7675,1.011
2026-07-24 12:15:00,0.0035,0.2165,0.0015,0.0065,0.778,1.006
2026-07-24 12:30:00,0.0035,0.2055,0.0015,0.0065,0.7815,0.9985
2026-07-24 12:45:00,0.0035,0.2055,0.0015,0.0065,0.785,1.002
2026-07-24 13:00:00,0.0035,0.2055,0.0015,0.0065,0.788,1.005
2026-07-24 13:15:00,0.0035,0.2275,0.0015,0.0065,0.769,1.008
2026-07-24 13:30:00,0.0035,0.244,0.0015,0.0065,0.746,1.0015
2026-07-24 13:45:00,0.0035,0.268,0.0015,0.0065,0.7255,1.005
2026-07-24 14:00:00,0.0035,0.264,0.0015,0.0065,0.7285,1.004
2026-07-24 14:15:00,0.0035,0.246,0.0015,0.0065,0.741,0.9985
2026-07-24 14:30:00,0.0035,0.2445,0.0015,0.0065,0.742,0.998
2026-07-24 14:45:00,0.0035,0.2445,0.0015,0.0065,0.741,0.997
2026-07-24 15:00:00,0.0035,0.2485,0.0015,0.0065,0.738,0.998
2026-07-24 15:15:00,0.0035,0.2495,0.0015,0.0065,0.7385,0.9995
2026-07-24 15:30:00,0.0035,0.2515,0.0015,NA,NA,NA
2026-07-24 15:45:00,0.0035,0.2515,0.0015,0.0065,0.7345,0.9975
2026-07-24 16:00:00,0.0035,0.251,0.0015,0.0065,0.7385,1.001
2026-07-24 16:15:00,0.0035,0.251,0.0015,0.0065,0.7375,1
2026-07-24 16:30:00,0.0035,0.247,0.0015,0.0065,0.7365,0.995
2026-07-24 16:45:00,0.0035,0.25,0.0015,0.0065,0.736,0.9975
2026-07-24 17:00:00,0.0035,0.2505,0.0015,0.0065,0.7345,0.9965
2026-07-24 17:15:00,0.0035,0.251,0.0015,0.0065,0.735,0.9975
2026-07-24 17:30:00,0.0035,0.2505,0.0015,0.0065,0.7345,0.9965
2026-07-24 17:45:00,0.0035,0.248,0.0015,0.0065,0.7355,0.995
2026-07-24 18:00:00,0.0035,0.249,0.0015,0.0065,0.735,0.9955
2026-07-24 18:15:00,0.0035,0.2485,0.0015,0.0065,0.734,0.994
2026-07-24 18:30:00,0.0035,0.249,0.0015,0.0065,0.7345,0.995
2026-07-24 18:45:00,0.0035,0.249,0.0015,0.0065,0.733,0.9935
2026-07-24 19:00:00,0.0035,0.2495,0.0015,0.0065,0.7325,0.9935
2026-07-24 19:15:00,0.0035,0.2515,0.0015,0.0065,0.7305,0.9935
2026-07-24 19:30:00,0.0035,0.251,0.0015,0.0065,0.732,0.9945
2026-07-24 19:45:00,0.0035,0.2505,0.0015,0.0065,0.7335,0.9955
2026-07-24 20:00:00,0.0035,0.2515,0.0015,0.0065,0.7345,0.9975
2026-07-24 20:15:00,0.0035,0.253,0.0015,0.0065,0.7365,1.001
2026-07-24 20:30:00,0.0035,0.2515,0.0015,0.0065,0.731,0.994
2026-07-24 20:45:00,0.0035,0.2515,0.0015,0.0065,0.737,1
2026-07-24 21:00:00,0.0035,0.2535,0.0015,0.0065,0.7335,0.9985
2026-07-24 21:15:00,0.0035,0.2535,0.0015,0.0065,0.736,1.001
2026-07-24 21:30:00,0.0035,0.2675,0.0015,0.0065,0.7325,1.0115
2026-07-24 21:45:00,0.0035,0.262,0.0015,0.0065,0.7325,1.006
2026-07-24 22:00:00,0.0035,0.259,0.0015,0.0065,0.738,1.0085
2026-07-24 22:15:00,0.0035,0.264,0.0015,0.0065,0.7325,1.008
2026-07-24 22:30:00,0.0035,0.258,0.0015,0.0065,0.7425,1.012
2026-07-24 22:45:00,0.0035,0.2575,0.0015,0.0065,0.7445,1.0135
2026-07-24 23:00:00,0.0035,0.2575,0.0015,0.0065,0.7445,1.0135
2026-07-24 23:15:00,0.0035,0.258,0.0015,0.0065,0.7405,1.01
2026-07-24 23:30:00,0.0035,0.2585,0.0015,0.0065,0.7305,1.0005
2026-07-24 23:45:00,0.0035,0.2575,0.0015,0.0065,0.728,0.997
2026-07-25,0.0035,0.2575,0.0015,0.0065,0.7315,1.0005
2026-07-25 00:15:00,0.0035,0.2615,0.0015,0.0065,0.7295,1.0025
2026-07-25 00:30:00,0.0035,0.265,0.0015,0.0065,0.7305,1.007
2026-07-25 00:45:00,0.0035,0.2625,0.0015,0.0065,0.7315,1.0055
2026-07-25 01:00:00,0.0035,0.2625,0.0015,0.0065,0.7345,1.0085
2026-07-25 01:15:00,0.0035,0.262,0.0015,0.0065,0.7345,1.008
2026-07-25 01:30:00,0.0045,0.262,0.0015,0.0075,0.734,1.0095
2026-07-25 01:45:00,0.0045,0.26,0.0015,0.0075,0.7355,1.009
2026-07-25 02:00:00,0.0045,0.259,0.0015,0.0075,0.7395,1.012
2026-07-25 02:15:00,0.0045,0.2575,0.0015,0.0075,0.7345,1.0055
2026-07-25 02:30:00,0.0045,0.2575,0.0015,0.0075,0.7385,1.0095
2026-07-25 02:45:00,0.0045,0.2575,0.0015,0.0075,0.7395,1.0105
2026-07-25 03:00:00,0.0045,0.2565,0.0015,0.0075,0.7405,1.0105
2026-07-25 03:15:00,0.0045,0.2555,0.0015,0.0075,0.74,1.009
2026-07-25 03:30:00,0.0045,0.2555,0.0015,0.0075,0.74,1.009
2026-07-25 03:45:00,0.0045,0.2555,0.0015,0.0065,0.74,1.008
2026-07-25 04:00:00,0.0045,0.2555,0.0015,0.0065,0.7395,1.0075
2026-07-25 04:15:00,0.0045,0.2555,0.0015,0.0065,0.7395,1.0075
2026-07-25 04:30:00,0.0045,0.2545,0.0015,0.0065,0.733,1
2026-07-25 04:45:00,0.0045,0.2545,0.0015,0.0065,0.7345,1.0015
2026-07-25 05:00:00,0.0045,0.2545,0.0015,0.0065,0.7345,1.0015
2026-07-25 05:15:00,0.0045,0.2545,0.0015,0.0065,0.7405,1.0075
2026-07-25 05:30:00,0.0045,0.2545,0.0015,0.0065,0.745,1.012
2026-07-25 05:45:00,0.0045,0.2545,0.0015,0.0065,0.7465,1.0135
2026-07-25 06:00:00,0.0045,0.2525,0.0015,0.0065,0.7455,1.0105
2026-07-25 06:15:00,0.0045,0.2475,0.0015,0.0065,0.7455,1.0055
2026-07-25 06:30:00,0.0045,0.25,0.0015,0.0065,0.7445,1.007
2026-07-25 06:45:00,0.0045,0.2495,0.0015,0.0065,0.7455,1.0075
2026-07-25 07:00:00,0.0045,0.2495,0.0015,0.0065,0.7455,1.0075
2026-07-25 07:15:00,0.0045,0.2495,0.0015,0.0065,0.7455,1.0075
2026-07-25 07:30:00,0.0045,0.2495,0.0015,0.0065,0.745,1.007
2026-07-25 07:45:00,0.0045,0.2495,0.0015,0.0065,0.7445,1.0065
2026-07-25 08:00:00,0.0045,0.2485,0.0015,NA,NA,NA
2026-07-25 08:15:00,0.0045,0.2485,0.0015,0.0065,0.749,1.01
2026-07-25 08:30:00,0.0045,0.2485,0.0015,0.0075,0.7485,1.0105
2026-07-25 08:45:00,0.0045,0.2485,0.0015,0.0075,0.7485,1.0105
2026-07-25 09:00:00,0.0045,0.248,0.0015,0.0075,0.7485,1.01
2026-07-25 09:15:00,0.0045,0.2475,0.0015,0.0075,0.7465,1.0075
2026-07-25 09:30:00,0.0045,0.2475,0.0015,0.0075,0.747,1.008
2026-07-25 09:45:00,0.0045,0.2475,0.0015,0.0075,0.7475,1.0085
2026-07-25 10:00:00,0.0045,0.2475,0.0015,0.0075,0.7495,1.0105
2026-07-25 10:15:00,0.0045,0.2475,0.0015,0.0075,0.7495,1.0105
2026-07-25 10:30:00,0.0045,0.2475,0.0015,0.0075,0.7495,1.0105
2026-07-25 10:45:00,0.0045,0.2475,0.0015,0.0075,0.7495,1.0105
2026-07-25 11:00:00,0.0045,0.2475,0.0015,0.0075,0.7495,1.0105
2026-07-25 11:15:00,0.0045,0.2475,0.0015,0.0075,0.7485,1.0095
2026-07-25 11:30:00,0.0045,0.2475,0.0015,0.0075,0.7485,1.0095
2026-07-25 11:45:00,0.0045,0.2475,0.0015,0.0075,0.7485,1.0095
2026-07-25 12:00:00,0.0045,0.2475,0.0015,0.0075,0.7485,1.0095
2026-07-25 12:15:00,0.0045,0.2455,0.0015,0.0075,0.7485,1.0075
2026-07-25 12:30:00,0.0045,0.2425,0.0015,0.0075,0.7505,1.0065
2026-07-25 12:45:00,0.0045,0.2425,0.0015,0.0075,0.751,1.007
2026-07-25 13:00:00,0.0045,0.2415,0.0015,0.0075,0.7515,1.0065
2026-07-25 13:15:00,0.0045,0.2405,0.0015,0.0075,0.7515,1.0055
2026-07-25 13:30:00,0.0045,0.2405,0.0015,0.0075,0.7525,1.0065
2026-07-25 13:45:00,0.0045,0.2405,0.0015,0.0075,0.7525,1.0065
2026-07-25 14:00:00,0.0045,0.2405,0.0015,0.0075,0.7565,1.0105
2026-07-25 14:15:00,0.0045,0.2405,0.0015,0.0075,0.7575,1.0115
2026-07-25 14:30:00,0.0045,0.2405,0.0015,0.0075,0.7575,1.0115
2026-07-25 14:45:00,0.0045,0.2365,0.0015,0.0075,0.7575,1.0075
2026-07-25 15:00:00,0.0045,0.2325,0.0015,0.0075,0.763,1.009
2026-07-25 15:15:00,0.0045,0.2245,0.0015,0.0075,0.7625,1.0005
2026-07-25 15:30:00,0.0045,0.222,0.0015,0.0075,0.7705,1.006
2026-07-25 15:45:00,0.0045,0.2215,0.0015,0.0075,0.77,1.005
2026-07-25 16:00:00,0.0045,0.2185,0.0015,0.0085,0.777,1.01
2026-07-25 16:15:00,0.0045,0.2175,0.0015,0.0075,0.7785,1.0095
2026-07-25 16:30:00,0.0045,0.2175,0.0015,0.0075,0.7785,1.0095
2026-07-25 16:45:00,0.0045,0.2175,0.0015,0.0075,0.7785,1.0095
2026-07-25 17:00:00,0.0045,0.2175,0.0015,NA,NA,NA
2026-07-25 17:15:00,0.0045,0.2105,0.0015,0.0075,0.7785,1.0025
2026-07-25 17:30:00,0.0045,0.2095,0.0015,0.0075,0.7805,1.0035
2026-07-25 17:45:00,0.0045,0.2095,0.0015,0.0075,0.7805,1.0035
2026-07-25 18:00:00,0.0045,0.2095,0.0015,0.0075,0.7805,1.0035
2026-07-25 18:15:00,0.0045,0.2095,0.0015,0.0075,0.7805,1.0035
2026-07-25 18:30:00,0.0045,0.2095,0.0015,0.0075,0.7805,1.0035
2026-07-25 18:45:00,0.0045,0.2095,0.0015,0.0075,0.7805,1.0035
2026-07-25 19:00:00,0.0045,0.2105,0.0015,0.0075,0.7815,1.0055
2026-07-25 19:15:00,0.0045,0.2085,0.0015,0.0075,0.7835,1.0055
2026-07-25 19:30:00,0.0045,0.2085,0.0015,0.0075,0.7855,1.0075
2026-07-25 19:45:00,0.0045,0.2125,0.0015,0.0075,0.7835,1.0095
2026-07-25 20:00:00,0.0045,0.204,0.0015,0.0065,0.7865,1.003
2026-07-25 20:15:00,0.0045,0.2045,0.0015,0.0065,0.7865,1.0035
2026-07-25 20:30:00,0.0045,0.1995,0.0015,0.0065,0.7865,0.9985
2026-07-25 20:45:00,0.0045,0.1985,0.0015,0.0065,0.7865,0.9975
2026-07-25 21:00:00,0.0045,0.1985,0.0015,0.0065,0.7865,0.9975
2026-07-25 21:15:00,0.0045,0.1985,0.0015,0.0065,0.7855,0.9965
2026-07-25 21:30:00,0.0045,0.1985,0.0015,0.0065,0.7855,0.9965
2026-07-25 21:45:00,0.0045,0.1985,0.0015,0.0065,0.7855,0.9965
2026-07-25 22:00:00,0.0045,0.1985,0.0015,0.0065,0.7855,0.9965
2026-07-25 22:15:00,0.0045,0.1985,0.0015,0.0065,0.7855,0.9965
2026-07-25 22:30:00,0.0045,0.1985,0.0015,0.0065,0.7855,0.9965
2026-07-25 22:45:00,0.0045,0.1985,0.0015,0.0065,0.7855,0.9965
2026-07-25 23:00:00,0.0045,0.1985,0.0015,0.0065,0.7855,0.9965
2026-07-25 23:15:00,0.0045,0.1985,0.0015,0.0065,0.7855,0.9965
2026-07-25 23:30:00,0.0045,0.1985,0.0015,0.0075,0.7855,0.9975
2026-07-25 23:45:00,0.0045,0.1985,0.0015,0.0075,0.7855,0.9975
2026-07-26,0.0045,0.1985,0.0015,0.0065,0.7865,0.9975
2026-07-26 00:15:00,0.0045,0.1985,0.0015,0.0065,0.7865,0.9975
2026-07-26 00:30:00,0.0045,0.1985,0.0015,0.0065,0.7865,0.9975
2026-07-26 00:45:00,0.0045,0.1985,0.0015,0.0065,0.7865,0.9975
2026-07-26 01:00:00,0.0045,0.1985,0.0015,0.0065,0.7865,0.9975
2026-07-26 01:15:00,0.0045,0.1985,0.0015,0.0065,0.7865,0.9975
2026-07-26 01:30:00,0.0045,0.1985,0.0015,0.0065,0.7865,0.9975
2026-07-26 01:45:00,0.0045,0.1985,0.0015,0.0065,0.7915,1.0025
2026-07-26 02:00:00,0.0045,0.1985,0.0015,0.0065,0.7915,1.0025
2026-07-26 02:15:00,0.0045,0.1985,0.0015,0.0065,0.7915,1.0025
2026-07-26 02:30:00,0.0045,0.1985,0.0015,NA,NA,NA
2026-07-26 02:45:00,0.0045,0.1985,0.0015,0.0065,0.7915,1.0025
2026-07-26 03:00:00,0.0045,0.1985,0.0015,0.0065,0.7915,1.0025
2026-07-26 03:15:00,0.0045,0.1985,0.0015,0.0065,0.7915,1.0025
2026-07-26 03:30:00,0.0045,0.1985,0.0015,0.0065,0.7915,1.0025
2026-07-26 03:45:00,0.0045,0.1985,0.0015,0.0065,0.7915,1.0025
2026-07-26 04:00:00,0.0045,0.1975,0.0015,0.0065,0.7915,1.0015
2026-07-26 04:15:00,0.0045,0.1975,0.0015,0.0065,0.7915,1.0015
2026-07-26 04:30:00,0.0045,0.1965,0.0015,0.0065,0.7915,1.0005
2026-07-26 04:45:00,0.0045,0.1965,0.0015,0.0065,0.7915,1.0005
2026-07-26 05:00:00,0.0045,0.1965,0.0015,0.0065,0.7915,1.0005
2026-07-26 05:15:00,0.0045,0.1965,0.0015,0.0065,0.7955,1.0045
2026-07-26 05:30:00,0.0045,0.1965,0.0015,0.0065,0.7955,1.0045
2026-07-26 05:45:00,0.0045,0.1975,0.0015,0.0065,0.7945,1.0045
2026-07-26 06:00:00,0.0045,0.1965,0.0015,0.0065,0.7975,1.0065
2026-07-26 06:15:00,0.0045,0.1965,0.0015,0.0065,0.7985,1.0075
2026-07-26 06:30:00,0.0045,0.1955,0.0015,0.0065,0.7995,1.0075
2026-07-26 06:45:00,0.0045,0.1925,0.0015,0.0065,0.7995,1.0045
2026-07-26 07:00:00,0.0045,0.1925,0.0015,0.0065,0.8015,1.0065
2026-07-26 07:15:00,0.0045,0.1925,0.0015,0.0065,0.8015,1.0065
2026-07-26 07:30:00,0.0045,0.1925,0.0015,0.0065,0.8015,1.0065
2026-07-26 07:45:00,0.0045,0.1925,0.0015,0.0065,0.8035,1.0085
2026-07-26 08:00:00,0.0045,0.1925,0.0015,0.0065,0.8075,1.0125
2026-07-26 08:15:00,0.0045,0.1875,0.0015,0.0065,0.8095,1.0095
2026-07-26 08:30:00,0.0045,0.1815,0.0015,0.0065,0.8115,1.0055
2026-07-26 08:45:00,0.0045,0.1815,0.0015,0.0065,0.815,1.009
2026-07-26 09:00:00,0.0045,0.1735,0.0015,0.0065,0.8185,1.0045
2026-07-26 09:15:00,0.0045,0.1725,0.0015,0.0065,0.8215,1.0065
2026-07-26 09:30:00,0.0045,0.1725,0.0015,0.0065,0.8225,1.0075
2026-07-26 09:45:00,0.0045,0.1725,0.0015,0.0065,0.8225,1.0075
2026-07-26 10:00:00,0.0045,0.1725,0.0015,0.0065,0.8255,1.0105
2026-07-26 10:15:00,0.0045,0.1725,0.0015,0.0065,0.8275,1.0125
2026-07-26 10:30:00,0.0045,0.1725,0.0015,0.0065,0.8275,1.0125
2026-07-26 10:45:00,0.0045,0.1725,0.0015,0.0065,0.8275,1.0125
2026-07-26 11:00:00,0.0045,0.1715,0.0015,NA,NA,NA
2026-07-26 11:15:00,0.0035,0.1705,0.0015,0.0065,0.8275,1.0095
2026-07-26 11:30:00,0.0035,0.1665,0.0015,0.0065,0.8295,1.0075
2026-07-26 11:45:00,0.0035,0.1625,0.0015,0.0065,0.8325,1.0065
2026-07-26 12:00:00,0.0035,0.1615,0.0015,0.0065,0.8325,1.0055
2026-07-26 12:15:00,0.0035,0.1605,0.0015,0.0065,0.8335,1.0055
2026-07-26 12:30:00,0.0035,0.1605,0.0015,0.0065,0.8345,1.0065
2026-07-26 12:45:00,0.0035,0.1645,0.0015,0.0065,0.8335,1.0095
2026-07-26 13:00:00,0.0035,0.1685,0.0015,0.0065,0.8275,1.0075
2026-07-26 13:15:00,0.0035,0.1695,0.0015,0.0065,0.8165,0.9975
2026-07-26 13:30:00,0.0035,0.1695,0.0015,0.0065,0.824,1.005
2026-07-26 13:45:00,0.0035,0.1695,0.0015,0.0065,0.821,1.002
2026-07-26 14:00:00,0.0035,0.1695,0.0015,0.0065,0.8205,1.0015
2026-07-26 14:15:00,0.0035,0.1695,0.0015,0.0065,0.8205,1.0015
2026-07-26 14:30:00,0.0035,0.1695,0.0015,0.0065,0.8215,1.0025
2026-07-26 14:45:00,0.0035,0.1695,0.0015,0.0065,0.8205,1.0015
2026-07-26 15:00:00,0.0035,0.1695,0.0015,0.0065,0.821,1.002
2026-07-26 15:15:00,0.0035,0.1695,0.0015,0.0065,0.8195,1.0005
2026-07-26 15:30:00,0.0035,0.1695,0.0015,0.0065,0.8185,0.9995
2026-07-26 15:45:00,0.0035,0.1695,0.0015,0.0065,0.8195,1.0005
2026-07-26 16:00:00,0.0035,0.1695,0.0015,0.0065,0.8195,1.0005
2026-07-26 16:15:00,0.0035,0.1695,0.0015,0.0065,0.8215,1.0025
2026-07-26 16:30:00,0.0035,0.1695,0.0015,0.0065,0.8235,1.0045
2026-07-26 16:45:00,0.0035,0.171,0.0015,0.0065,0.823,1.0055
2026-07-26 17:00:00,0.0035,0.1765,0.0015,NA,NA,NA
2026-07-26 17:15:00,0.0035,0.1815,0.0015,0.0065,0.8145,1.0075
2026-07-26 17:30:00,0.0035,0.1805,0.0015,0.0065,0.8175,1.0095
2026-07-26 17:45:00,0.0035,0.1865,0.0015,0.0055,0.8115,1.0085
2026-07-26 18:00:00,0.0035,0.187,0.0015,0.0065,0.811,1.0095
2026-07-26 18:15:00,0.0035,0.213,0.0015,0.0075,0.786,1.0115
2026-07-26 18:30:00,0.0035,0.2175,0.0015,0.007,0.78,1.0095
2026-07-26 18:45:00,0.0035,0.2195,0.0015,0.007,0.7765,1.008
2026-07-26 19:00:00,0.0035,0.221,0.0015,0.007,0.774,1.007
2026-07-26 19:15:00,0.0035,0.2225,0.0015,0.0065,0.7755,1.0095
2026-07-26 19:30:00,0.0035,0.223,0.0015,0.0065,0.775,1.0095
2026-07-26 19:45:00,0.0035,0.2205,0.0015,0.0065,0.7805,1.0125
2026-07-26 20:00:00,0.0035,0.206,0.0015,0.0065,0.791,1.0085
2026-07-26 20:15:00,0.0035,0.2005,0.0015,0.0065,0.7995,1.0115
2026-07-26 20:30:00,0.0035,0.2005,0.0015,0.0065,0.7995,1.0115
2026-07-26 20:45:00,0.0035,0.2005,0.0015,0.0065,0.7995,1.0115
2026-07-26 21:00:00,0.0035,0.2005,0.0015,0.0065,0.7995,1.0115
2026-07-26 21:15:00,0.0035,0.2005,0.0015,0.0065,0.8005,1.0125
2026-07-26 21:30:00,0.0035,0.2005,0.0015,0.0065,0.8005,1.0125
2026-07-26 21:45:00,0.0035,0.2005,0.0015,0.0065,0.8005,1.0125
2026-07-26 22:00:00,0.0035,0.2005,0.0015,0.0065,0.8005,1.0125
2026-07-26 22:15:00,0.0035,0.1965,0.0015,0.0065,0.7955,1.0035
2026-07-26 22:30:00,0.0035,0.1965,0.0015,0.0065,0.7975,1.0055
2026-07-26 22:45:00,0.0035,0.194,0.0015,0.0065,0.8005,1.006
2026-07-26 23:00:00,0.0035,0.1945,0.0015,0.0065,0.8005,1.0065
2026-07-26 23:15:00,0.0035,0.1945,0.0015,0.0065,0.8005,1.0065
2026-07-26 23:30:00,0.0035,0.1945,0.0015,0.0065,0.8005,1.0065
2026-07-26 23:45:00,0.0035,0.1945,0.0015,0.0065,0.8005,1.0065
2026-07-27,0.0035,0.1945,0.0015,0.0065,0.8005,1.0065
2026-07-27 00:15:00,0.0035,0.1955,0.0015,0.0065,0.8005,1.0075
2026-07-27 00:30:00,0.0035,0.1945,0.0015,0.0065,0.7995,1.0055
2026-07-27 00:45:00,0.0035,0.197,0.0015,0.0065,0.7995,1.008
2026-07-27 01:00:00,0.0035,0.2005,0.0015,0.0065,0.7975,1.0095
2026-07-27 01:15:00,0.0035,0.1945,0.0015,0.0065,0.7975,1.0035
2026-07-27 01:30:00,0.0035,0.2,0.0015,0.0065,0.7955,1.007
2026-07-27 01:45:00,0.0035,0.2015,0.0015,0.0065,0.7955,1.0085
2026-07-27 02:00:00,0.0035,0.2005,0.0015,0.0065,0.7975,1.0095
2026-07-27 02:15:00,0.0035,0.2005,0.0015,0.0065,0.794,1.006
2026-07-27 02:30:00,0.0035,0.1995,0.0015,0.0065,0.7955,1.0065
2026-07-27 02:45:00,0.0035,0.1945,0.0015,0.0065,0.7975,1.0035
2026-07-27 03:00:00,0.0035,0.1935,0.0015,0.0065,0.7995,1.0045
2026-07-27 03:15:00,0.0035,0.193,0.0015,0.0065,0.8005,1.005
2026-07-27 03:30:00,0.0035,0.1905,0.0015,0.0065,0.8025,1.0045
2026-07-27 03:45:00,0.0035,0.1905,0.0015,0.0065,0.8065,1.0085
2026-07-27 04:00:00,0.0035,0.1905,0.0015,0.0065,0.8035,1.0055
2026-07-27 04:15:00,0.0035,0.1915,0.0015,0.0065,0.8015,1.0045
2026-07-27 04:30:00,0.0035,0.1915,0.0015,0.0065,0.8015,1.0045
2026-07-27 04:45:00,0.0035,0.1965,0.0015,0.0065,0.7975,1.0055
2026-07-27 05:00:00,0.0035,0.1965,0.0015,0.0065,0.7985,1.0065
2026-07-27 05:15:00,0.0035,0.1975,0.0015,0.0065,0.7985,1.0075
2026-07-27 05:30:00,0.0035,0.1955,0.0015,0.0065,0.7995,1.0065
2026-07-27 05:45:00,0.0035,0.1935,0.0015,0.0065,0.8005,1.0055
2026-07-27 06:00:00,0.0035,0.1935,0.0015,0.0065,0.8035,1.0085
2026-07-27 06:15:00,0.0035,0.1935,0.0015,0.0065,0.8035,1.0085
2026-07-27 06:30:00,0.0035,0.1935,0.0015,0.0065,0.8005,1.0055
2026-07-27 06:45:00,0.0035,0.1945,0.0015,0.0065,0.8005,1.0065
2026-07-27 07:00:00,0.0035,0.1945,0.0015,0.0065,0.8045,1.0105
2026-07-27 07:15:00,0.0035,0.1945,0.0015,0.0065,0.8025,1.0085
2026-07-27 07:30:00,0.0035,0.195,0.0015,0.0065,0.8005,1.007
2026-07-27 07:45:00,0.0035,0.1955,0.0015,0.0065,0.8005,1.0075
2026-07-27 08:00:00,0.0035,0.1955,0.0015,0.0065,0.7995,1.0065
2026-07-27 08:15:00,0.0035,0.199,0.0015,0.0065,0.7965,1.007
2026-07-27 08:30:00,0.0035,0.2005,0.0015,0.0065,0.7945,1.0065
2026-07-27 08:45:00,0.0035,0.2015,0.0015,0.0065,0.7945,1.0075
2026-07-27 09:00:00,0.0035,0.2015,0.0015,0.0065,0.793,1.006
2026-07-27 09:15:00,0.0035,0.2015,0.0015,0.0065,0.788,1.001
2026-07-27 09:30:00,0.0035,0.2035,0.0015,0.0065,0.7805,0.9955
2026-07-27 09:45:00,0.0035,0.212,0.0015,0.0065,0.7745,0.998
2026-07-27 10:00:00,0.0035,0.2235,0.0015,0.0055,0.7705,1.0045
2026-07-27 10:15:00,0.0035,0.2445,0.0015,0.0055,0.7505,1.0055
2026-07-27 10:30:00,0.0035,0.2615,0.0015,0.0055,0.724,0.996
2026-07-27 10:45:00,0.0035,0.2625,0.0015,0.0055,0.7295,1.0025
2026-07-27 11:00:00,0.0035,0.2685,0.0015,0.0065,0.7115,0.9915
2026-07-27 11:15:00,0.0025,0.2805,0.0015,0.0055,0.7185,1.0085
2026-07-27 11:30:00,0.0025,0.2805,0.0015,0.0055,0.7185,1.0085
2026-07-27 11:45:00,0.0025,0.2705,0.0015,0.0055,0.7285,1.0085
2026-07-27 12:00:00,0.0025,0.2705,0.0015,0.0055,0.7275,1.0075
2026-07-27 12:15:00,0.0025,0.2705,0.0015,0.0055,0.7275,1.0075
2026-07-27 12:30:00,0.0025,0.2645,0.0015,0.0055,0.7295,1.0035
2026-07-27 12:45:00,0.0015,0.2645,0.0015,0.0055,0.7295,1.0025
2026-07-27 13:00:00,0.0015,0.2475,0.0015,0.0055,0.7395,0.9955
2026-07-27 13:15:00,0.0015,0.2615,0.0015,0.0055,0.7365,1.0065
2026-07-27 13:30:00,0.0015,0.261,0.0015,0.0055,0.7355,1.005
2026-07-27 13:45:00,0.0015,0.266,0.0015,0.0055,0.7325,1.007
2026-07-27 14:00:00,0.0015,0.2675,0.0015,0.0055,0.7325,1.0085
2026-07-27 14:15:00,0.0015,0.2685,0.0015,0.0055,0.7285,1.0055
2026-07-27 14:30:00,0.0015,0.2665,0.0015,0.0055,0.7325,1.0075
2026-07-27 14:45:00,0.0015,0.2665,0.0015,0.0055,0.7325,1.0075
2026-07-27 15:00:00,0.0015,0.2655,0.0015,0.0055,0.7335,1.0075
2026-07-27 15:15:00,0.0015,0.2675,0.0015,0.0055,0.7335,1.0095
2026-07-27 15:30:00,0.0015,0.2655,0.0015,0.0055,0.7345,1.0085
2026-07-27 15:45:00,0.0015,0.2655,0.0015,0.0055,0.7345,1.0085
2026-07-27 16:00:00,0.0015,0.2615,0.0015,0.0055,0.7345,1.0045
2026-07-27 16:15:00,0.0015,0.2635,0.0015,0.0055,0.733,1.005
2026-07-27 16:30:00,0.0015,0.2635,0.0015,0.0055,0.7305,1.0025
2026-07-27 16:45:00,0.0015,0.275,0.0015,0.0055,0.7195,1.003
2026-07-27 17:00:00,0.0015,0.2695,0.0015,0.0055,0.727,1.005
2026-07-27 17:15:00,0.0015,0.2695,0.0015,0.0055,0.7275,1.0055
2026-07-27 17:30:00,0.0015,0.2655,0.0015,0.0055,0.7335,1.0075
2026-07-27 17:45:00,0.0015,0.2655,0.0015,0.0055,0.7345,1.0085
2026-07-27 18:00:00,0.0015,0.2645,0.0015,0.0055,0.7345,1.0075
2026-07-27 18:15:00,0.0015,0.2645,0.0015,0.0055,0.7345,1.0075
2026-07-27 18:30:00,0.0015,0.2645,0.0015,0.0055,0.7345,1.0075
2026-07-27 18:45:00,0.0015,0.2645,0.0015,0.0055,0.7345,1.0075
2026-07-27 19:00:00,0.0015,0.2645,0.0015,0.0055,0.7335,1.0065
2026-07-27 19:15:00,0.0015,0.2645,0.0015,0.0055,0.7335,1.0065
2026-07-27 19:30:00,0.0015,0.2655,0.0015,0.0055,0.7325,1.0065
2026-07-27 19:45:00,0.0015,0.267,0.0015,0.0055,0.7275,1.003
2026-07-27 20:00:00,0.0015,0.2825,0.0015,0.0065,0.721,1.013
2026-07-27 20:15:00,0.0015,0.2845,0.0015,0.0055,0.7155,1.0085
2026-07-27 20:30:00,0.0015,0.2825,0.0015,0.0055,0.7135,1.0045
2026-07-27 20:45:00,0.0015,0.2825,0.0015,0.0055,0.7125,1.0035
2026-07-27 21:00:00,0.0015,0.2825,0.0015,0.0055,0.7125,1.0035
2026-07-27 21:15:00,0.0015,0.2845,0.0015,0.0055,0.7105,1.0035
2026-07-27 21:30:00,0.0015,0.2835,0.0015,0.0055,0.7125,1.0045
2026-07-27 21:45:00,0.0015,0.2815,0.0015,0.0055,0.7115,1.0015
2026-07-27 22:00:00,0.0015,0.276,0.0015,0.0055,0.7115,0.996
2026-07-27 22:15:00,0.0015,0.2755,0.0015,0.0055,0.7115,0.9955
2026-07-27 22:30:00,0.0015,0.2765,0.0015,0.0055,0.7115,0.9965
2026-07-27 22:45:00,0.0015,0.281,0.0015,0.0055,0.7115,1.001
2026-07-27 23:00:00,0.0015,0.2835,0.0015,NA,NA,NA
2026-07-27 23:15:00,0.0015,0.2835,0.0015,0.0055,0.7105,1.0025
2026-07-27 23:30:00,0.0015,0.2775,5e-04,0.0055,0.712,0.997
2026-07-27 23:45:00,0.0015,0.2715,0.0015,0.0055,0.715,0.995
2026-07-28,0.0015,0.272,0.0015,0.0055,0.7165,0.997
2026-07-28 00:15:00,0.0015,0.2715,0.0015,0.0055,0.7165,0.9965
2026-07-28 00:30:00,0.0015,0.2715,0.0015,0.0055,0.7165,0.9965
2026-07-28 00:45:00,0.0015,0.2715,0.0015,0.0055,0.7165,0.9965
2026-07-28 01:00:00,0.0015,0.2715,0.0015,0.0055,0.7165,0.9965
2026-07-28 01:15:00,0.0015,0.2715,0.0015,0.0055,0.7165,0.9965
2026-07-28 01:30:00,0.0015,0.2715,0.0015,0.0055,0.7155,0.9955
2026-07-28 01:45:00,0.0015,0.2715,0.0015,0.0055,0.7145,0.9945
2026-07-28 02:00:00,0.0015,0.275,0.0015,0.0055,0.7155,0.999
2026-07-28 02:15:00,0.0015,0.2745,5e-04,0.0055,0.7155,0.9975
2026-07-28 02:30:00,0.0015,0.2745,0.0015,0.0055,0.7155,0.9985
2026-07-28 02:45:00,0.0015,0.2775,0.0015,0.0055,0.7165,1.0025
2026-07-28 03:00:00,0.0015,0.281,0.0015,0.0055,0.7165,1.006
2026-07-28 03:15:00,0.0015,0.2815,0.0015,0.0055,0.7155,1.0055
2026-07-28 03:30:00,0.0015,0.28,5e-04,0.0055,0.7155,1.003
2026-07-28 03:45:00,0.0015,0.2815,0.0015,0.0055,0.7165,1.0065
2026-07-28 04:00:00,0.0015,0.2815,0.0015,0.0055,0.7165,1.0065
2026-07-28 04:15:00,0.0015,0.2815,0.0015,0.0055,0.7175,1.0075
2026-07-28 04:30:00,0.0015,0.2685,0.0015,0.0055,0.7315,1.0085
2026-07-28 05:30:00,0.0015,0.263,0.0015,0.0055,0.727,0.9985
2026-07-28 05:45:00,0.0015,0.2525,5e-04,0.0055,0.7495,1.0095
2026-07-28 06:00:00,0.0015,0.233,0.0015,0.0055,0.7675,1.009
2026-07-28 06:15:00,0.0015,0.2455,0.0015,0.0055,0.7555,1.0095
2026-07-28 06:30:00,0.0015,0.249,0.0015,0.0055,0.749,1.0065
2026-07-28 06:45:00,0.0015,0.2385,0.0015,0.0055,0.756,1.003
2026-07-28 07:00:00,0.0015,0.2385,0.0015,0.0055,0.7555,1.0025
2026-07-28 07:15:00,0.0015,0.2395,0.0015,0.0055,0.7535,1.0015
2026-07-28 07:30:00,0.0015,0.2495,0.0015,0.0055,0.7505,1.0085
2026-07-28 07:45:00,0.0015,0.251,0.0015,0.0055,0.747,1.0065
2026-07-28 08:00:00,0.0015,0.2485,0.0015,NA,NA,NA
2026-07-28 08:15:00,0.0015,0.2445,0.0015,0.0055,0.7445,0.9975
2026-07-28 08:30:00,0.0015,0.2445,0.0015,0.0055,0.7475,1.0005
2026-07-28 08:45:00,0.0015,0.2425,0.0015,0.0055,0.749,1
2026-07-28 09:00:00,0.0015,0.2435,0.0015,0.0055,0.7595,1.0115
2026-07-28 09:15:00,0.0015,0.2325,0.0015,0.0055,0.7595,1.0005
2026-07-28 09:30:00,0.0015,0.2325,0.0015,0.0055,0.7595,1.0005
2026-07-28 09:45:00,0.0015,0.2325,0.0015,0.0055,0.7595,1.0005
2026-07-28 10:00:00,0.0015,0.233,0.0015,0.0055,0.7645,1.006
2026-07-28 10:15:00,0.0015,0.2305,0.0015,0.0055,0.7645,1.0035
2026-07-28 10:30:00,0.0015,0.2305,0.0015,0.0055,0.7645,1.0035
2026-07-28 10:45:00,0.0015,0.2305,0.0015,0.0055,0.7725,1.0115
2026-07-28 11:00:00,0.0015,0.2235,0.0015,0.0055,0.781,1.013
2026-07-28 11:15:00,0.0015,0.2145,0.0015,0.0055,0.7865,1.0095
2026-07-28 11:30:00,0.0015,0.2075,0.0015,0.0055,0.7905,1.0065
2026-07-28 11:45:00,0.0015,0.204,0.0015,0.0055,0.7925,1.005
2026-07-28 12:00:00,0.0015,0.2025,0.0015,0.0045,0.7935,1.0035
2026-07-28 12:15:00,0.0015,0.2025,0.0015,0.0045,0.7955,1.0055
2026-07-28 12:30:00,0.0015,0.1795,0.0015,0.0045,0.8165,1.0035
2026-07-28 12:45:00,0.0015,0.198,0.0015,0.0045,0.7945,1
2026-07-28 13:00:00,0.0015,0.2005,0.0015,0.0045,0.7975,1.0055
2026-07-28 13:15:00,0.0015,0.221,0.0015,0.0035,0.783,1.0105
2026-07-28 13:30:00,0.0015,0.2175,0.0015,0.0035,0.7835,1.0075
2026-07-28 13:45:00,0.0015,0.206,0.0015,0.0035,0.7935,1.006
2026-07-28 14:00:00,0.0015,0.1985,0.0015,0.0035,0.7925,0.9975
2026-07-28 14:15:00,0.0015,0.2005,0.0015,0.0035,0.7935,1.0005
2026-07-28 14:30:00,0.0015,0.214,0.0015,0.0035,0.7845,1.005
2026-07-28 14:45:00,0.0015,0.2195,0.0015,0.0025,0.7825,1.0075
2026-07-28 15:00:00,0.0015,0.2225,0.0015,0.0025,0.7785,1.0065
2026-07-28 15:15:00,0.0015,0.2235,0.0015,0.0025,0.7755,1.0045
2026-07-28 15:30:00,0.0015,0.2205,0.0015,0.0025,0.7735,0.9995
2026-07-28 15:45:00,0.0015,0.23,0.0015,0.0025,0.7745,1.01
2026-07-28 16:00:00,0.0015,0.2285,0.0015,0.0025,0.769,1.003
2026-07-28 16:15:00,0.0015,0.2305,0.0015,0.0025,0.7675,1.0035
2026-07-28 16:30:00,0.0015,0.23,0.0015,NA,NA,NA
2026-07-28 16:45:00,0.0015,0.2285,0.0015,0.0025,0.7655,0.9995
2026-07-28 17:00:00,0.0015,0.2315,0.0015,NA,NA,NA
2026-07-28 17:15:00,0.0015,0.2315,0.0015,0.0025,0.7665,1.0035
2026-07-28 17:30:00,0.0015,0.2335,0.0015,NA,NA,NA
2026-07-28 17:45:00,0.0015,0.2335,0.0015,0.0025,0.7645,1.0035
2026-07-28 18:00:00,0.0015,0.2325,0.0015,NA,NA,NA
2026-07-28 18:15:00,0.0015,0.2465,0.0015,0.0025,0.756,1.008
2026-07-28 18:30:00,0.0015,0.247,0.0015,NA,NA,NA
2026-07-28 18:45:00,0.0015,0.254,0.0015,0.0025,0.7465,1.006
2026-07-28 19:00:00,0.0015,0.243,0.0015,NA,NA,NA
2026-07-28 19:15:00,0.0015,0.243,0.0015,0.0025,0.7535,1.002
2026-07-28 19:30:00,0.0015,0.2395,NA,NA,NA,NA
2026-07-28 19:45:00,0.0015,0.24,0.0015,NA,NA,NA
2026-07-28 20:00:00,0.0015,0.242,NA,NA,NA,NA
2026-07-28 20:15:00,0.0015,0.2445,0.0015,0.0025,0.7545,1.0045
2026-07-28 20:30:00,0.0015,0.244,0.0015,0.0025,0.7545,1.004
2026-07-28 20:45:00,0.0015,0.2445,0.0015,0.0025,0.7535,1.0035
2026-07-28 21:00:00,0.0015,0.2475,0.0015,0.0025,0.7495,1.0025
2026-07-28 21:15:00,0.0015,0.2485,0.0015,0.0035,0.7495,1.0045
2026-07-28 21:30:00,0.0015,0.2485,0.0015,0.0035,0.7495,1.0045
2026-07-28 21:45:00,0.0015,0.2485,0.0015,0.0035,0.7525,1.0075
2026-07-28 22:00:00,0.0015,0.2485,0.0015,NA,NA,NA
2026-07-28 22:15:00,0.0015,0.2485,0.0015,0.0035,0.7495,1.0045
2026-07-28 22:30:00,0.0015,0.2485,5e-04,0.0035,0.752,1.006
2026-07-28 22:45:00,0.0015,0.2445,5e-04,0.0035,0.7545,1.0045
2026-07-28 23:00:00,0.0015,0.2465,5e-04,NA,NA,NA
2026-07-28 23:15:00,0.0015,0.242,5e-04,0.0035,0.7535,1.001
2026-07-28 23:30:00,0.0015,0.2425,5e-04,NA,NA,NA
2026-07-28 23:45:00,0.0015,0.2425,5e-04,0.0035,0.7545,1.0025
2026-07-29,0.0015,0.2435,5e-04,0.0035,0.7545,1.0035
2026-07-29 00:15:00,0.0015,0.241,5e-04,0.0035,0.759,1.0055
2026-07-29 00:30:00,0.0015,0.2365,5e-04,NA,NA,NA
2026-07-29 00:45:00,0.0015,0.237,5e-04,0.0035,0.7675,1.01
2026-07-29 01:00:00,0.0015,0.237,5e-04,NA,NA,NA
2026-07-29 01:15:00,0.0015,0.236,5e-04,0.0035,0.7675,1.009
2026-07-29 01:30:00,0.0015,0.2335,5e-04,NA,NA,NA
2026-07-29 01:45:00,0.0015,0.2255,5e-04,0.0035,0.7775,1.0085
2026-07-29 02:00:00,0.0015,0.2255,5e-04,NA,NA,NA
2026-07-29 02:15:00,0.0015,0.2155,5e-04,0.0035,0.7795,1.0005
2026-07-29 02:30:00,0.0015,0.2155,5e-04,0.0035,0.7835,1.0045
2026-07-29 02:45:00,0.0015,0.2115,5e-04,0.0035,0.785,1.002
2026-07-29 03:00:00,0.0015,0.2115,5e-04,NA,NA,NA
2026-07-29 03:15:00,0.0015,0.2115,5e-04,0.0035,0.786,1.003
2026-07-29 03:30:00,0.0015,0.2115,5e-04,NA,NA,NA
2026-07-29 03:45:00,0.0015,0.2115,5e-04,0.0035,0.792,1.009
2026-07-29 04:00:00,0.0015,0.2115,5e-04,0.0035,0.7945,1.0115
2026-07-29 04:15:00,0.0015,0.2085,5e-04,0.0025,0.7955,1.0085
2026-07-29 04:30:00,0.0015,0.207,5e-04,0.003,0.7875,0.9995
2026-07-29 04:45:00,0.0015,0.2095,5e-04,0.003,0.789,1.0035
2026-07-29 05:00:00,0.0015,0.214,5e-04,0.0025,0.7895,1.008
2026-07-29 05:15:00,0.0015,0.208,5e-04,0.0025,0.7895,1.002
2026-07-29 05:30:00,0.0015,0.2115,5e-04,0.0025,0.7925,1.0085
2026-07-29 05:45:00,0.0015,0.2115,5e-04,0.0025,0.7925,1.0085
2026-07-29 06:00:00,0.0015,0.213,5e-04,0.0025,0.7845,1.002
2026-07-29 06:15:00,0.0015,0.2245,5e-04,0.0025,0.7755,1.0045
2026-07-29 06:30:00,0.0015,0.2395,5e-04,0.0025,0.76,1.004
2026-07-29 06:45:00,0.0015,0.2425,5e-04,0.0025,0.7565,1.0035
2026-07-29 07:00:00,0.0015,0.2425,5e-04,0.0025,0.7565,1.0035
2026-07-29 07:15:00,0.0015,0.234,5e-04,0.0025,0.7635,1.002
2026-07-29 07:30:00,0.0015,0.2315,5e-04,0.0025,0.7635,0.9995
2026-07-29 07:45:00,0.0015,0.242,5e-04,0.0025,0.7595,1.006
2026-07-29 08:00:00,0.0015,0.2375,5e-04,NA,NA,NA
2026-07-29 08:15:00,0.0015,0.231,5e-04,0.0025,0.7675,1.003
2026-07-29 08:30:00,0.0015,0.2385,5e-04,0.0035,0.7615,1.0055
2026-07-29 08:45:00,0.0015,0.2395,5e-04,0.0035,0.761,1.006
2026-07-29 09:00:00,0.0015,0.2435,5e-04,0.0035,0.7565,1.0055
2026-07-29 09:15:00,0.0015,0.2485,5e-04,0.0035,0.7525,1.0065
2026-07-29 09:30:00,0.0015,0.2485,5e-04,0.0035,0.7525,1.0065
2026-07-29 09:45:00,0.0015,0.2495,5e-04,0.0035,0.754,1.009
2026-07-29 10:00:00,0.0015,0.2365,5e-04,0.0035,0.7665,1.0085
2026-07-29 10:15:00,0.0015,0.2365,5e-04,0.0035,0.7595,1.0015
2026-07-29 10:30:00,0.0015,0.2515,5e-04,0.0035,0.7485,1.0055
2026-07-29 10:45:00,0.0015,0.2465,5e-04,0.0035,0.7535,1.0055
2026-07-29 11:00:00,0.0015,0.247,5e-04,NA,NA,NA
2026-07-29 11:15:00,0.0015,0.2635,5e-04,0.0025,0.7365,1.0045
2026-07-29 11:30:00,0.0015,0.259,5e-04,NA,NA,NA
2026-07-29 11:45:00,0.0015,0.2585,5e-04,NA,NA,NA
2026-07-29 12:00:00,0.0025,0.2695,5e-04,NA,NA,NA
2026-07-29 12:15:00,0.0025,0.2695,5e-04,NA,NA,NA
2026-07-29 12:30:00,0.0025,0.2675,5e-04,NA,NA,NA
2026-07-29 12:45:00,0.0035,0.2585,5e-04,0.0065,0.7405,1.0095
2026-07-29 13:00:00,0.0025,0.2545,5e-04,NA,NA,NA
2026-07-29 13:15:00,0.0015,0.2535,5e-04,0.0055,0.7445,1.0055
2026-07-29 13:30:00,0.0025,0.2445,5e-04,0.0045,0.7555,1.0075
