circular_shift_draw,ff_to_iem_beta,iem_to_ff_beta
1,0.4879684797852918,-0.0025200255283491235
2,-1.6291893652312281,-0.019267953803128384
3,0.4222794606942338,0.018622977596738564
4,-0.1778654224460891,-0.03162779205984836
5,0.9120759305782373,0.006545688640470617
6,-0.6915241848245712,-0.029219431722829342
7,-1.937796946299375,-0.0078141082927474
8,-0.22726550152373376,-0.04217446777308531
9,0.0828203738460867,0.024900579799603768
10,0.4578353948425684,0.03764153914380054
11,0.09589404089265716,0.01292875795935868
12,1.274695118033535,-0.00030077100506433266
13,1.49083342747551,0.03147065395641985
14,0.45022379431253223,0.01415645630380524
15,-1.6062530332245455,-0.0031295341628794497
16,-1.17122796190973,-0.002299487898746788
17,-0.0768247576342059,-0.012878775950077475
18,0.7103241523552672,0.010791120291980379
19,0.13430031508994136,-0.021084416054564854
20,0.6829944376956614,0.00664925158287779
21,0.27661232596053187,-0.006075127704476196
22,-0.41983718965843403,-0.027196920103248673
23,-1.2672056924551502,-0.005511054942766262
24,0.26447869852402545,-0.01452137058476837
25,-2.2750035330520997,-0.006127530428207967
26,-1.7827660070108358,-0.007233520583749879
27,1.1873897804104636,0.034357436201595024
28,0.012519738882542764,0.019817400265819265
29,1.0177469686317075,0.01726498509410483
30,0.5408729479482863,0.0021626181026055766
31,-0.347780821195785,-0.021237483885529464
32,-0.02578885987336388,-0.0003131753989931785
33,-1.282759895679412,-0.00836648053906705
34,0.7075499503520195,0.02539174936016823
35,-0.956803830111743,0.014992684755464376
36,-0.632031721303186,-0.029579382681462544
37,-0.1530221975400597,6.650938227319159e-06
38,-0.07096819302954388,-0.03921555842755065
39,-0.36729062413940616,-0.00623166728420546
40,0.07718730455444084,0.022481685396626844
41,0.3234383354508027,0.01825410601611234
42,0.12177494540196027,0.011591612765199892
43,0.20137766312262972,0.030013725613175696
44,1.7362993555595654,0.013598094835840423
45,1.2893324578800154,0.01917398534983788
46,0.9010287393998666,0.022477696559749984
47,1.4168905957781264,0.02632631868234198
48,-2.011931826127728,-0.0048141988472794675
49,-0.429549215630559,-0.012597409902710448
50,-0.5314734549734456,-0.0021119522306142905
51,-1.0610488014627293,0.000850008931373979
52,0.045437276989783615,0.004547865011388484
53,0.5376288642914898,0.0006335303912256285
54,0.907238116129967,0.027015285669615377
55,-0.3804146262813098,-0.035220763580257046
56,-0.2797530137036281,-0.003738393265393672
57,0.7554244966625019,0.0022728702342780516
58,-0.46537837545202454,-0.02560333413862605
59,0.6703966714967602,0.009092766334531818
60,-1.6867468051056873,-0.011033706333748216
61,0.9531083589000959,0.03355719608729347
62,1.1318426909292447,0.0055207310672946396
63,1.5270609475002348,0.03679113677855654
64,1.2193770518674114,0.005215627349394774
65,-0.6745138584863385,-0.00358930777239703
66,-1.2967714972629012,-0.009344171538922643
67,-1.2255508382821816,-0.014264204690855969
68,-0.8671646777461617,-0.020009681193065593
69,0.5442438628828692,0.030466473367468435
70,0.4754376740472897,0.02096923053994158
71,0.40604627054876863,0.02345309302672129
72,0.5906096760748776,0.007021695621829782
73,-0.12231945650765086,-0.0132901021023686
74,1.0516134633364906,-0.004407630307809541
75,0.7178145280236867,0.018267910821187498
76,-1.4799238565273454,-0.0036396018473322904
77,0.40537344810000125,-0.00026919560716830594
78,0.4249469404593935,-0.014088744933258065
79,-0.5405577163744144,-0.03542370776942928
80,0.8858323670561676,7.305862199041228e-05
81,-0.16373024076981235,-0.015270258653279875
82,-0.08627326896912169,-0.02159298586328192
83,-0.8347407103289456,-0.004620249609617312
84,-0.48556067472410896,-0.02438451726974936
85,0.10044335989889303,0.020690354388041246
86,1.1314319177414196,0.04035169517659805
87,1.7694719085794608,0.02721427363511016
88,-0.6022495107359697,-0.012511322597493896
89,0.6977197470503848,0.016893186516407817
90,-0.5485885822881922,0.014013066114335494
91,-0.43014964710349507,-0.014069442268613633
92,-1.776407988387048,-0.01324937847349115
93,-1.4970111227296345,-0.002360603313210183
94,-0.8855965874501249,0.005313679225930235
95,0.33360714739910563,-0.019039498248619814
96,0.2914340132241442,0.016764912975053607
97,1.1323765294872763,-0.0025101510647052468
98,-0.24259670014490514,-0.024893589170415335
99,0.3521245807076751,0.01744421482423757
100,-0.5793554855042791,-0.002816658060854871
101,0.3132960651802764,0.03311157019944663
102,0.4040872026578722,-0.004402620067272594
103,-1.0863901604693327,-0.013952315548863755
104,1.0347767244562012,0.0051847949215482
105,-0.5480588143901699,-0.04086626019908597
106,-0.348214254266311,-0.023207750083006594
107,0.8526278308538295,0.00178880565784632
108,0.5042928121472445,0.015101290734132824
109,-0.2740729231252744,-0.006266995471571701
110,0.7969740070972455,-0.020532638257611112
111,-1.5137285373730385,-0.017353811630212095
112,0.7763424873629817,-0.012885200198598509
113,-1.3738468024163888,-0.00812090939532784
114,-1.0371703478004561,-0.0016439889331973257
115,0.6817244378442182,0.003948706534592852
116,-0.8500495376003605,-0.005187462285838766
117,0.19702181288649,0.014982920914363781
118,1.3582012917575532,0.02245654567602339
119,-1.3691486165873679,-0.00598841074895768
120,0.3371958363782026,0.012282813442383267
121,-1.196923505876124,-0.005296216304663423
122,0.4782081519955204,0.013661593424910115
123,-1.0520123140970046,-0.007771945131870117
124,-0.7432006933590308,-0.00468803949930722
125,-1.5732929689815967,-0.005140779899266657
126,0.1820092605016982,-0.042887487172747506
127,-1.0165602008059191,-0.019911846796831365
128,0.3168970934605442,0.03582549319608688
129,0.04704757314752611,-0.017096762819496306
130,-0.7122346963123056,-0.010518206600954113
131,-0.4656870867193686,-0.0150306671073211
132,-0.9916826453077467,-0.011725543630521406
133,0.15789237112310095,-0.04016078684439411
134,-0.06158687968443177,0.0028106176754685366
135,1.6447439297522493,0.02792636408572978
136,0.11741858694497781,-0.011699622228447507
137,-0.302865337050798,-0.02143459607135215
138,-0.083016908906099,-0.034237050711129
139,-1.2723483084620724,-0.004206042351397195
140,-0.21897078057220362,-0.027919059809471836
141,0.8529539869879041,0.03389438022882853
142,0.8025006552722176,0.030428979039758473
143,0.3428131887262677,0.009461564037979969
144,1.0271450426051885,0.009458571454384189
145,0.03378728573984688,-0.04568780848655911
146,-1.215260754238039,-0.018904890397000225
147,-0.27163219436569824,-0.02265125547436548
148,-0.47928889185426393,-0.03618828909205864
149,-1.3597960186933717,0.00703142768024356
150,-0.6603645465620485,-0.028454345894076066
151,0.5189348159148919,0.01106560767264966
152,-1.504063268325412,-0.011039312184517567
153,-0.6646436358169268,-0.017202878931585723
154,0.8373073858416662,-0.015919307926474086
155,-0.5196133898168988,-0.0064544518687095365
156,0.6560246730609629,0.0164356622411222
157,1.2374695503139916,0.002604168046829152
158,-0.9260575438050812,0.0001520806258847058
159,-0.39249210355572656,-0.011451785898540599
160,1.203586598044824,0.03110829291344469
161,-0.2227588881333471,-0.017808223922873297
162,0.09039265052048784,0.012037753062234523
163,-0.010818836232600132,-0.03504044193391446
164,1.2240345692784333,0.03579068741745719
165,-1.7402548117490642,0.005717723879158714
166,0.6641148729794242,0.002029888111303762
167,0.0801568397229713,-0.0372600505782585
168,-1.4541451088806063,-0.011269645033616995
169,-0.6742215150375013,-0.014117408291840052
170,-0.03883111694467922,0.015146081355920694
171,-0.2534021117104188,-0.032220545673501445
172,-0.6428614258164376,-0.007985159863705179
173,-0.6031868906970569,0.009607531900381586
174,-0.13749717572121967,0.0286890204518733
175,0.9658027707405605,0.0207322052148476
176,-0.49730720768829184,-0.03353876529604655
177,-1.1205327134235166,0.0054088148677981646
178,0.08879410968636225,0.028565625404941546
179,-0.5835814447520541,-0.00795135189507644
180,-0.5232325817415211,-0.04335938584822209
181,-0.8169225275614533,0.003950055341193227
182,-0.5332257619903763,-0.028224760094730156
183,-1.2339120451121048,-0.004711282750631344
184,0.5392000178962291,0.01256101458217289
185,-0.33416670098218537,-0.009727231502801855
186,0.7212451347371748,0.01538318861945332
187,-0.06029053626088571,-0.0274604705158929
188,0.49992512491223784,0.01748730755109499
189,-0.17310770754588117,0.00956330108759567
190,0.6233116642896922,0.01494075658663788
191,0.5518313336241643,-0.007972267736126661
192,-1.5248805519697024,0.0003311680550205417
193,0.38648391153743566,-0.012231743492183709
194,0.9097577365046198,-2.5105491146949267e-05
195,-0.08086528712665753,0.0021192594004600107
196,-0.8448703842551932,0.006887548291297166
197,-1.281239824339293,0.0038686749458611957
198,0.9105859823526109,-0.03580553316797534
199,-0.8168264222858543,-0.015818861737672635
200,-0.023532958563123096,0.0020030159808019886
201,-0.6230144951010029,-0.015251367285588159
202,0.13153458297732812,0.015416899718451468
203,1.499291529959184,0.006406586724512123
204,0.5846694160453426,-0.013734769644450875
205,0.10917747431954217,-0.0219113226096019
206,-1.4170353575266241,-0.00619257960514869
207,-2.06390710699276,-0.015738118223452936
208,-0.3352865520161975,-0.010224761135414148
209,-0.522955023313857,-0.02265779078348118
210,1.248802454844318,0.031045949266573933
211,1.121657049817006,-0.004677116976737377
212,-0.7535372068335415,-0.013771792942366568
213,0.36751207851899914,-0.04182977841085557
214,-0.20271092039203387,-0.018354197936814167
215,-0.4001217859118136,-0.020046042522459395
216,-0.16756234761739394,-0.028192239993845816
217,0.7964571599497688,-0.0016714265583490711
218,0.9349624366224338,0.027509738704965085
219,-0.8482301010894104,-0.016402919524533717
220,-0.37438570827294987,-0.01285325756617853
221,-0.35863786558889316,-0.022982490370835395
222,1.611089016990172,0.04279830780460656
223,-1.6773720294006067,-0.003640058906191947
224,1.7249731181092791,0.04138767382814297
225,-1.613933791402971,-0.0089099855659714
226,1.7270526724370554,0.03036609858468431
227,-1.5408980840663096,-0.0023188241441204948
228,0.8906372700268136,0.022626640900628898
229,-0.12377206019101872,-0.0042607638092850095
230,-0.25650927787577227,-0.005731915165679478
231,-0.8957737348629614,0.005968882621670258
232,0.8107620244078395,-0.003690487169840117
233,-1.847072407696646,-0.014595403102702513
234,0.6812209589825262,0.04123281513661904
235,0.6295696061547023,0.019059400001370973
236,-0.013052846201803248,-0.013815224785441367
237,0.1648714061933798,0.01093340649548933
238,-1.9651777325650097,-0.0035980909870073005
239,-0.5343609419328739,-0.013302558256346573
240,-0.46307729271691156,-0.03259148155083816
241,0.8483839251660463,0.0026584539732382334
242,-0.09586160137593636,-0.020814011636212885
243,0.6676106713660936,0.03150530219666832
244,-0.5698216488116654,0.0021205753001194766
245,0.3643562907490776,0.02101138341601499
246,0.9858854348260842,-0.0063989092645957936
247,-0.9896533830438279,-0.013569643824816542
248,1.1623570875263929,0.026646493917182518
249,0.5841911625313937,0.027486719951531915
250,-0.3450067037207927,0.0075576955072776016
251,-0.07051937671317438,-0.039967732762806144
252,0.9407878866068293,0.004181494584399124
253,0.04459394562941438,0.016566445890754726
254,1.170952677938919,0.03563252091635731
255,0.6907603396364562,0.01963244500431969
256,0.4279597916971441,-0.0003921113189333976
257,0.24721032469897664,0.01681903472700423
258,-0.5494128812262586,-0.01890263606432898
259,-0.3252083710978929,0.02230725698589487
260,1.116475217624199,0.0033379227329631243
261,1.5037651258180205,0.02156885800737788
262,0.7250085536826775,0.03315838156996832
263,-1.3228862579001865,-0.01598600718779969
264,-1.2012509984870843,-0.008472853091685753
265,-0.12164302928824244,0.02053205733727342
266,0.5453488608400985,0.025201341844863317
267,0.562978513364962,-0.010883671458379979
268,-1.9607903884592197,-0.006725394136163761
269,-0.18890844522819603,-0.04230629142306398
270,0.3500304850649258,0.00036341704193167037
271,0.13071293606578327,-0.00012131455523562915
272,-0.37772152735293774,-0.008148992118358959
273,0.9361852029484506,0.01689609333291733
274,0.11377345614478865,-0.009011889268362914
275,1.6480548288243548,0.014961084115730237
276,0.30802595873182276,-0.02863252863408949
277,-0.052545850750384204,0.0208587349639588
278,0.07889409112697554,0.03209192886516004
279,-0.2519508834450596,0.01690319633481102
280,0.7475799944654296,0.016883576814422225
281,0.9787725054861414,0.031063723011881275
282,-0.6259083119718449,0.0060945601254468245
283,-1.3079511479442885,-0.00981136352950093
284,0.44351017460314435,0.01154871254109285
285,-1.4774465096313123,-0.018517162963867892
286,0.9070592211156276,0.0060216106501999565
287,1.5851075470717335,0.046222799780870315
288,0.5868356332173139,-0.012392240517233147
289,0.528616539598677,0.02173189290215601
290,-0.7181058944492459,-0.03432983555274953
291,-0.06941023116400019,-0.010028360659758002
292,0.03440478274871861,-0.003005221646330378
293,0.1858605719482873,0.018425084331328292
294,0.025653087065533153,-0.015423679461583363
295,-0.9351380260994222,-0.0015514372114929925
296,0.967860673183262,0.014491930791810024
297,0.05296460075317233,-0.012536235879694255
298,-0.5344329292543442,-0.026074524130276406
299,1.2531995438485974,0.027508191248640255
300,0.04626102461076175,0.008182832970084397
301,-1.241728813415501,-0.018112589086174517
302,0.6344941273590027,0.02011469365807938
303,-0.4660991035904838,-0.004807968359630099
304,0.3032499700732608,-0.019081864680406662
305,0.9881923837526732,0.014430548974722573
306,-0.4092137305699687,-0.03912844222831301
307,0.9134040137496032,0.03122499683661017
308,-1.6140176042308434,-0.009151568687828054
309,0.03539284590241232,-0.005310914416931542
310,-1.1810331741035223,-0.009675698813515723
311,1.5944943857926122,0.006975388699923547
312,-0.040524010008004,-0.0024343456080589826
313,2.1372503359911934,0.03482658385662418
314,0.4879604520929963,0.015812054184497885
315,-0.24658247447805215,-0.014302241153650544
316,-0.2775876761336903,-0.04002360331063577
317,0.3634838539728992,0.03233648575520704
318,0.05979674466149987,0.004810931796038153
319,-0.8265041227375566,0.006870038199225442
320,0.6315497913612773,0.024026345331640216
321,-1.0662404327426758,-0.002772793882711771
322,-0.8211210552492824,-0.0013800725057657318
323,0.7688370134191687,0.009296038741003673
324,1.6568739097763114,0.011899658172890362
325,0.04000870970167314,-0.027161855710276867
326,-0.5303035978522097,-0.009891363204355266
327,-1.1367287174876004,-0.012435169349070968
328,1.2007860759034454,0.03714906796201587
329,-0.29431190980591687,-0.02232643067605193
330,-0.8081143460314959,-0.024412297930887887
331,-0.45312414459804196,0.02376827230129116
332,-1.1335775693968169,-0.00654949723336117
333,-0.7328207520005418,-0.008645597224859724
334,-0.2986027245686094,0.016686018492607903
335,0.6820539833174238,0.010785876995538152
336,1.5881756389592083,0.03797480999118476
337,-0.8621434175587825,-0.006581576098220363
338,-0.24406437635011824,-0.034627833201979534
339,-0.19695727571688987,-0.036055268778005536
340,1.313996926011998,0.032814457995159196
341,0.44330734912232045,-0.022043414316846834
342,-1.6346103634194526,-0.012856382011498113
343,-2.2877972534129256,-0.0015950505730126224
344,1.5457120165832632,0.025467506172055288
345,0.5163252692612545,-0.008165239672693331
346,-0.13097287852915068,-0.0046864786382688085
347,-0.17967975458786753,0.006817664573398085
348,-0.3153369458418181,-0.01943867369286647
349,-0.15163016171788452,0.002353358866556172
350,0.11082329230356436,0.00841285362623851
351,0.7002617672918521,0.03360495331912522
352,1.3145173647309016,-0.000334871317124813
353,-0.6628164126443558,-0.025536954179603787
354,0.008244026304093516,0.010205314969210899
355,-0.015873760186764008,-0.034460010062351915
356,0.22884433857682418,0.0068184925478134385
357,-0.3909237799841211,-0.010043214291641846
358,0.6957333245080051,0.04168465843560717
359,0.8012353683894428,0.025246327851223653
360,-1.178654914367641,-0.027378495445147217
361,0.6228037203839432,0.006563853709780224
362,-0.43305531276089076,-0.018960096363336516
363,-0.9456144359852028,-0.024636613872493666
364,1.1121798567063022,0.027350689811918915
365,-0.5497203264965023,-0.026911460096363422
366,-1.1257468259767955,-0.007134811277367856
367,-0.6760049555439422,-0.008704672868099136
368,-0.41718855692641477,-0.02755968676412617
369,0.009934157590574755,-0.03205276739214066
370,0.13554124055567685,-0.02827636265628059
371,1.8875782640973804,0.035010909441939034
372,-0.2472541605428476,-0.01808391836228248
373,-0.10457082326551553,-0.02307014401287662
374,1.1768048565831286,0.0372131013981493
375,-1.5569391947746576,-0.012887362253198191
376,-0.46728752114716376,-0.017395741166560428
377,1.4835011807358387,0.012485150372984708
378,1.159861128588199,0.014264662873410284
379,-0.6161681468635392,0.004809012620477693
380,-0.7039042237442393,0.021641778351239583
381,0.750922177385232,0.00221495232775489
382,0.7202601093560539,0.039286445983205576
383,-1.9346535383881043,-0.0196806890148625
384,-1.1727723120581932,0.004665703061788923
385,0.22920774042314845,0.01788325652396074
386,-0.5805402525685543,-0.02940164850763966
387,1.2085448859262324,-0.004778033142592527
388,0.8907096554314609,0.02598239745340606
389,-0.7718738208778086,-0.010662049542066366
390,-0.47360485151346127,-0.031161262144029513
391,-0.25855440145734576,-0.016365031776314803
392,-0.49369426501067565,0.014320601044804482
393,-0.6260142830404727,-0.005964966452134271
394,-0.5603571524695375,-0.03500700640149822
395,-1.0558172035965385,0.008013424465156535
396,0.6511980646539117,0.02454289076029352
397,-0.39136049096651715,0.0020920134604646874
398,-0.4082392294772714,0.005354663722555169
399,-0.6381287496602385,-0.0003532744183181724
400,0.5840010645799126,0.0111834074323021
401,0.3174530772162759,0.016000035259865666
402,-1.5013690255779264,0.010738703551359917
403,1.8458533349743251,0.031934326862984114
404,0.521873482156387,-0.004099990050306171
405,0.41701615360701677,-0.030546036935282506
406,-1.0726800211863021,-0.001017126867528171
407,-0.23911967648948174,0.005677134197089837
408,-0.8132920744756604,0.01025103309773234
409,-1.4493184200988578,-0.006010530998884109
410,-0.9870161355444491,-0.01892382858697223
411,0.6010595064833063,0.01685114480497179
412,1.2245939039208984,-0.004933582482257883
413,-0.6087268924043483,-0.0024133643825825467
414,0.916550737964992,0.019961454898925843
415,0.07932331925025626,-0.011886521773036812
416,-0.6066440107240031,-0.008577190983278785
417,0.4717044091096605,0.020764078334640813
418,-0.9783312082799145,0.004958963442935198
419,-1.1225985878745253,9.498670723984311e-05
420,-0.8355804699053548,-0.01655399815580606
421,-0.13317038102817705,-0.03304957221364975
422,-0.5645577663622281,-0.02381624769884093
423,-0.10096655708169922,-0.0052930739625041395
424,0.8117261078781901,0.025285314465172553
425,1.3583945622933042,0.03762543230845332
426,-0.2649211733201229,0.008337349409420193
427,-0.32702218175595255,0.00858956161422611
428,1.11773101564072,0.02773207938009726
429,0.008544945672300186,-0.04368794339163032
430,-0.126553278782146,-0.0013844476632966058
431,1.633167534478492,0.03345225189529261
432,-0.07845289278121548,-0.04077187607208936
433,-0.9189541030941164,0.0085369720415048
434,0.3766985885300196,0.024999302742560958
435,1.2631226630987284,0.0030581384714492795
436,1.386976010665171,0.01376957482793926
437,1.0600379570264296,0.006652765836654273
438,-0.15786670955827775,-0.0177848618569724
439,0.7632334110499595,0.006543748671289058
440,-1.1798464397226072,0.007224387064646525
441,1.4563114949395053,0.024307288834611446
442,0.5942487122038954,0.01153054536889106
443,-0.07940902766917274,0.003926737006511171
444,-0.6220169880006641,-0.01821487250356952
445,0.6016335393950005,0.01104342277039458
446,0.7435522654423954,0.015070687018387803
447,-0.4037627765053303,-0.02080640968565716
448,0.29049584887029156,0.014043096393485829
449,1.176473495269761,0.005747710893316752
450,-0.27333676114410466,-0.02897256914938347
451,-1.210346080247896,0.004733716655101861
452,1.308515918794917,0.017023086869845598
453,-2.242249177171935,-0.013311957297491763
454,-0.016906151858289697,0.01033414818092741
455,-0.2419032166949333,0.01786780280806615
456,-1.7805937401494214,-0.0027926088918917777
457,-0.6544397432843272,-0.007812121861457208
458,0.08195369590533752,-0.006491370177385427
459,-0.583838194966302,0.0036150257931764265
460,0.73045084610434,0.0067153576304322254
461,-0.1110663751375397,0.011249155219212896
462,-1.4021921001034694,-0.010754547299880436
463,-1.4774810648161032,-0.005692482770291741
464,0.6593381435199073,-0.004444647445166434
465,0.0282909420880329,0.014839575188702141
466,0.6953629307312823,-0.023972317959951216
467,-1.1409497580687227,0.0022390929521098318
468,-2.0811217523253056,-0.011284369807408405
469,0.6195321323714852,0.01106669788671052
470,0.11431057529173005,8.521481366662725e-06
471,1.4146344073096948,-0.00100701366961292
472,0.30387467887799546,-0.0276050410519107
473,0.5703501959060409,0.03311934341749915
474,1.5357764636762776,0.017747452040953043
475,-0.46475080343303665,-0.007004394940792928
476,-0.754839390609632,-0.015110733490100618
477,-0.20193982387243556,-0.020574121821131743
478,0.996083532845242,-0.01384894384410158
479,-0.6906023298294807,-0.02147515320026312
480,1.2626394660203835,0.030437823764400778
481,1.0182004909889169,0.04131669097885805
482,0.0345020840215709,0.00013788828441924778
483,-0.6676108799877818,-0.0010484812149286456
484,-1.2087996967747061,-0.008639540759683671
485,-0.4195958998463303,-0.02115002697245443
486,0.015372603217039177,0.004933387496193806
487,0.2218529532711928,-0.020613075538169573
488,0.7737920613673586,0.01087611729921574
489,0.01632196454790394,-0.039260781501276515
490,-0.5252623476312553,-0.014126742116053182
491,-0.2513520534187096,-0.03963097248186162
492,-0.15639523074272033,-0.023465015414158682
493,-0.2861529685759409,-0.017063658439607103
494,0.2362942670189484,0.0019676161480798584
495,1.0731280958874967,0.03035188520722063
496,-0.3890963088548327,0.01751051417280359
497,0.14493907968312364,-0.021615463607364535
498,-0.052286090215355296,-0.026551286561285158
499,-0.708714630980023,-0.0034033195391838574
500,-0.5157594216485575,0.010949269136058745
501,-1.7369227043682602,-0.0054215170882381675
502,-1.498243219017318,0.003511977969143279
503,1.6894066585476066,0.028538692451162667
504,-0.4914509363592362,0.012365304776569984
505,0.09283961894611738,-0.029506754368347873
506,0.922221724730291,0.009948815429295016
507,0.6024319662480521,0.0337577159395694
508,-1.4919268857852606,0.006853882632559609
509,-2.3329690079353127,-0.003017898628866169
510,0.4535114059031293,0.03598957810342282
511,0.49187859041180293,-0.023466482585897404
512,1.0472563262863113,0.02013162976837529
513,0.36664599313093615,-0.02378519322975489
514,-1.6751034075343665,-0.0027778862370506736
515,0.4328759624221589,0.006094881131870218
516,-1.8023180225853372,-0.003615799205824922
517,-0.7589362289885,-0.012002934316474763
518,0.9121460858717372,0.018272515612278186
519,-1.3290463958694834,-0.006700519119257825
520,-0.8800968531411497,-0.03716192669192961
521,-0.036104529405044716,-0.02505271414478584
522,0.3170317704026364,-0.011546889670472748
523,-0.8132539423688221,-0.011168940630016456
524,-1.704097217826967,-0.004297622590973052
525,-1.6735753293063227,0.00024380944384675904
526,1.2011640440448994,0.04604422902387022
527,0.6496846119708014,-0.004228960219856439
528,0.31098401734101094,0.002493340326859824
529,0.636565582879597,0.006607392351535509
530,-0.9967851905490634,-0.017791221794542525
531,-0.729944094910362,0.020723949730866522
532,0.24150467021413746,-0.04943175092074905
533,0.6579857188509413,-0.013940952854977186
534,-0.6685543379747401,-0.014472532806142639
535,0.8230989491515486,0.008184032557294413
536,1.0541577255322214,0.02875874208840598
537,1.002188252575074,0.00029000593240236655
538,0.018138479489894332,0.018095361820062834
539,-1.128493507283581,0.012102389501200165
540,0.09497168237281584,-0.008544497945896054
541,0.12854890583747883,0.006296380705642444
542,0.7393781700796337,0.028725575951755712
543,-0.9281107306794616,-0.019153511094261153
544,0.6093975294221154,0.020833872948956167
545,-1.5109298000439,-0.0024779225749885685
546,1.2686080139193123,0.03582884001830404
547,-0.5665992296466462,0.005704912278426303
548,1.1365463255699335,0.0068413399867094295
549,-0.44353967534534783,-0.024083514739566696
550,1.0771485635933131,0.011762615035825662
551,-0.5249866396986211,-0.030273591491473947
552,0.978683240301556,0.0042165432572446185
553,0.3214931365833722,0.005220540634279332
554,-0.5309367757312917,-0.012295493655402355
555,1.097285263342535,0.03470221914181601
556,-0.30495403014913036,-0.019564040843392232
557,-0.06548498992554519,-0.038126720476200096
558,-0.6360854331189161,-0.0008952339263008451
559,-0.02775105340875006,-0.007706756525224285
560,0.4705367470572882,0.023680645976416767
561,1.091879100091435,0.006182575376757302
562,-0.8044885110172748,0.001977460069917345
563,0.6335620523112058,-0.018789761218799068
564,1.3796718659868596,0.04022373559009365
565,-0.5218857877058938,-0.03589725628163435
566,0.5549848982911104,0.04373213336194701
567,-0.17939173534629527,-0.011093024312528767
568,-0.833734194688285,0.005789854554099931
569,0.14778944646719536,0.005628405096966203
570,-0.7370777023622295,-0.005083542686361079
571,0.5452320421236374,-0.031945682646885375
572,-1.5077464861443022,-0.013582353456274173
573,1.0288539906680652,-0.006080759445240315
574,0.36392149934939155,0.02559991475769637
575,-1.021713308591879,0.010211402757417068
576,-1.6347292430900824,-0.008113014169988999
577,0.871680016923079,0.017350940274622088
578,0.49305442808367217,0.006917948951510175
579,-0.6541274330600096,0.005151384679816178
580,0.8738329614412288,-0.00460175931779993
581,-0.0029602071564950316,-0.0014404042064613473
582,0.08398724634839855,-0.013920681840494529
583,-0.313237883527935,0.016293192805279924
584,0.025673014258502436,-0.012904577182354373
585,0.3819468410812872,0.002143075980479265
586,0.18349860784612038,0.01518491592948864
587,1.2159313629370259,0.018763441416649304
588,-0.03679794549684414,-0.02058053325913368
589,-0.35134808000863277,0.020181337636000017
590,0.828538908787829,0.0030012178900720044
591,0.7882920026367635,0.011764636977338375
592,0.4364853550881333,0.01349749048782974
593,-0.010412874221069426,-0.028055080704764795
594,0.14409651117779193,-0.023298259004851538
595,-0.7606028556397957,-0.0026886239978637424
596,-1.6239396362754444,-0.0067113184381669775
597,0.6679301232525404,0.012932990843545312
598,-1.326756643021119,-0.024449726809155924
599,-0.8964629963673113,-0.018758227477786833
600,1.0113981073846963,0.02751958845673705
601,-1.674915398461359,-6.765301262261735e-05
602,0.8738801272235049,0.04338745530632097
603,-0.3286194062263495,0.012217657012720597
604,1.7189707194885349,0.03588810344377516
605,-0.7172447510198292,-0.007401423813602641
606,1.429615007199983,0.031011322644429726
607,0.3822827848486927,0.01601778211656354
608,0.6923688701565303,0.02354234098147036
609,-1.4591945804933228,-0.017252477415793128
610,0.6533055568901399,0.03860164475354064
611,-0.12881456087863752,-0.011483891588454302
612,-0.24006541687906277,-0.02939469150548832
613,0.32261670209190774,-0.03566302648328884
614,1.6012567542219958,0.008228343293196478
615,0.3393476860843204,-0.0023451854431835216
616,-0.04293494239578477,-0.029823255193995896
617,-0.5617565434968312,-0.02322390830216882
618,-0.13365387728561395,0.00737367953390148
619,-0.35523775885290154,-0.013421434301914606
620,0.8141174309269072,0.01647687448639615
621,-1.9832444955816029,-0.012237006833935318
622,-0.27062771616940573,-0.014821328983094979
623,-0.8150000728736169,-0.020175484234701026
624,-0.3385357940054962,0.012149199052112362
625,-0.21191018868953837,-0.03579597778489246
626,-0.19546038173833544,-0.04023751033128025
627,-1.6918014025776666,-0.005914484659809757
628,-0.6689204248382598,-0.010655311760860875
629,0.8933764114407761,0.01740879204847122
630,-0.2504647247054281,-0.025844996761838143
631,0.4748567093524006,0.014751112257889512
632,-1.8602662176826812,-0.0036271866723975657
633,-1.3797102791519371,-0.016828328153133572
634,1.0630630409645105,0.03535219285999567
635,0.5218784267069934,0.029374698206657734
636,-0.40191500184954765,0.013698357652088666
637,1.4400516113528774,0.004364002814642488
638,-0.07243494955868973,-0.0023432538062510017
639,0.4564141372220509,0.015760609903040148
640,0.10348510947627954,0.012833314283110436
641,0.4554367172565791,0.014108568856045247
642,-0.4881409610871258,-0.004181668085088262
643,-1.194549036441488,-0.009946453174612088
644,-0.4334391536921567,0.00595069204251933
645,0.1985810482780922,0.0031690669190353573
646,1.1350424495908837,0.03431450475511377
647,-0.1766934312153492,-0.030290446384750508
648,0.9765274216370035,0.010427899604833604
649,-1.0103635249955394,-0.01825503807667612
650,-1.0566248017006215,-0.0224789716531239
651,-0.3109504295280774,-0.01846001991728106
652,-0.6864111713148832,-0.0071744618893706084
653,0.8299933794647406,0.015660734771101525
654,-0.34752999031904386,-0.01994647131391364
655,1.2336265103865,0.02076605778912714
656,1.2438687581057812,0.01241426693761251
657,-0.01055159720779364,0.0175203616423411
658,0.04599940341719755,-0.010201523587951929
659,0.9372177684826768,0.01183159316378934
660,-1.0136346627272306,-0.0043425752358820565
661,0.7677712997659151,0.0058641857597246366
662,1.571609150689305,0.026939794219076683
663,-0.2771739350390454,-0.004635083236991442
664,0.968894189327842,0.007540475740459134
665,-0.46728816629463316,-0.00551444945787961
666,-1.7106771438220103,-0.008322347319192928
667,0.71798660667835,0.0032307560002783316
668,0.1551756003463356,0.016446249855360442
669,-1.0013742209149823,0.0006684277591325269
670,-1.6153437675284965,-0.00489532204238032
671,-0.9161160661016688,-0.00792616530723538
672,-0.2237835438838261,-0.017916589823581682
673,0.59836366643705,-0.005965744311928981
674,0.9404216156493017,-0.017959369990962367
675,0.37352157229926763,0.016036033361422546
676,1.3839836413148567,0.014354036235968131
677,0.5019178682768659,-0.004187001120060225
678,0.26871372654627856,0.020894345134894472
679,-0.5655569176675173,-0.020324037524694877
680,0.04370851920993858,0.014102605380802104
681,0.6349770189388803,0.014975848880287627
682,-1.4225280257823385,-0.0069174907758296315
683,-0.09733867810708735,0.024085383637764406
684,-0.9771964949129854,-0.014875336641410506
685,0.8640219361109717,0.008390598493221454
686,0.9200144855158923,0.008992755191653058
687,0.3835465364781412,0.019380076135068827
688,0.7943288250467797,0.020014160530313647
689,-0.043832431875639954,-0.01919401323986697
690,-0.30970530853329,-0.01920802798942674
691,-0.36855700477055703,-0.03177410272250139
692,-0.6101463531311654,-0.008710729207205135
693,0.13981658898694949,-0.023941391041586983
694,-0.48916513725673955,-0.021908983203353088
695,1.0364126145505879,0.03236266849044718
696,-1.419711142115403,-0.012401084105553243
697,-0.7256287790961998,0.004027463749375924
698,0.5232481867223886,0.002287318150767945
699,-1.1015552492710339,-0.0031175693231906866
700,-0.07487159500837393,-0.013087765633159044
701,0.5293342800785744,-0.010861559010716771
702,1.317535237561847,0.012226606255194306
703,-1.392040618893714,0.005754733648239205
704,-0.43064233479442904,0.01730394635017478
705,-1.3082181689887702,-0.012477195526907753
706,0.6223471799851366,-0.009059085478011333
707,0.48038482758060164,-0.005867464732673766
708,-0.49467060328330004,-0.008431167899307153
709,0.3521231755789881,0.006775907526506825
710,0.5550157110753478,0.008583816769213503
711,-0.3727756929504982,-0.017598668575770617
712,-0.1642821642853005,-0.023997990591043142
713,-0.8110655964983232,-0.02171879210420127
714,-0.3423162239227261,-0.019295502519480163
715,-0.13756006097104817,-0.014332114175542364
716,0.027674911524604134,-0.0008413626479470354
717,0.3940015265159736,0.011157920317972529
718,-0.4472260542953803,-0.014180019191487198
719,-0.5012516346390232,-0.016022239102960845
720,-1.289889315714801,-0.01293423804633647
721,1.5192981860303847,0.011260042960510468
722,0.7227037495794653,0.029333800705489455
723,1.2136718976875538,0.034857251093148016
724,0.4327765827487262,0.013776512780325469
725,0.3996335678153603,-0.01975527715240765
726,-0.15532313486856936,0.013602491379935716
727,-1.0557818986887915,0.004130032839277542
728,1.2334842418371308,0.03751108908607499
729,1.7959652467812939,0.04067020127832276
730,1.1962088752924105,0.03315859279652381
731,0.5432425986451298,0.01234704660771396
732,-1.0069663098624153,-0.004913376137216693
733,0.4168034946512176,0.02371573548301705
734,0.4250041079125207,0.012374826171880415
735,-0.5016445949456494,-0.04523426291676255
736,0.4274223838210703,0.024479909633247345
737,-0.5410851962726287,-0.012558343776889016
738,-1.7418086083110675,0.0002485230959209661
739,-0.2707621218868475,-0.01799136838400983
740,0.3354855392330151,-0.032316697535883336
741,0.25488506046327253,-0.03325594867903357
742,0.5219191406144574,0.015431448766352288
743,0.9275083281268219,0.005659857311214137
744,0.7918376871334015,0.010528606490695324
745,0.5733565588352509,0.028953344729112995
746,1.3420854961508146,0.013181379084505524
747,0.62557358628207,-0.004347845745671876
748,-0.45583931132390176,-0.027049218188527912
749,-0.4346835223407216,-0.023427765172354884
750,1.0537432034940684,0.0015257106658416197
751,0.45256451019322236,0.009980513237754408
752,0.22033131008518198,-0.008028645314682033
753,0.23448522435101996,-0.011801901901694358
754,0.6900264545952557,0.018772620549532798
755,-0.28718069937541446,-0.019927488197839384
756,0.843726060144816,0.009212199608408644
757,-0.35957150172774455,-0.007757826208071046
758,-0.5781199012396195,-0.021657258940000666
759,-1.0786030943594236,-0.02582429976753506
760,0.018576500444594468,0.008903423834980303
761,0.8082308153066766,0.034118686238236
762,-0.10957685780362203,-0.010615314150043659
763,0.024117574717565204,0.015869965798364992
764,0.6427298337097345,0.0034441120194859233
765,0.05972926614106161,0.0017765830308576532
766,0.14018236922406557,-0.0175171124063663
767,0.9820931559280262,0.018844056923603084
768,-0.9562316695695755,0.017781404174774692
769,-0.16145849390686118,-0.01632446731332999
770,-0.5976425036790974,-0.017545806073841225
771,0.48288875449906493,-0.016588048408528008
772,0.23049079441911718,-0.0309348535442524
773,-0.43738258661009677,0.005597058321042339
774,-0.34623695664008514,-0.019356429126522443
775,-0.48917616033663286,-0.017871432069577625
776,-0.08604161826690243,0.014935105470494082
777,0.4916549027184982,0.010225786644354584
778,1.2666833547540592,0.017901453729075055
779,0.7883882173491077,0.006906810416608604
780,1.0547917682995238,0.030606726935474508
781,-0.06749941006652158,0.001176481080154558
782,-0.0115310223373557,-0.035189286563660514
783,-0.397958817211404,-0.0332582411001548
784,-0.43345035434872814,-0.010955525052274307
785,-0.831714520693132,-0.0008687831239844396
786,-1.3300012267907033,-0.005095532609721229
787,-0.4889898694935516,-0.017841791154863514
788,0.26021050875073304,-0.009993619413202072
789,-0.4016945863776563,-0.02891956356497722
790,0.7972716490407656,-0.006819482339986227
791,-0.46420130843191054,-0.040974974652835866
792,-1.090874822247549,-0.027210042043501807
793,0.9870092316763759,0.037495418921832176
794,-0.2963592228769817,-0.02050903901424055
795,-2.2220532993853714,-0.012012764907891604
796,-0.6385089142149665,0.007689998774740406
797,-1.0386891512042942,-0.023478340903127556
798,-0.1564726479665341,-0.023369670114952862
799,0.22582468545311038,0.018034210332442964
800,0.5649840127450535,0.02295361918699804
801,0.6446147973251231,0.022799598102717443
802,-0.03546022153443129,-0.01047112622591585
803,-1.4452202041887887,-0.0016050085178408585
804,-0.2246246221924849,-0.00927404644530199
805,0.005790973633858512,0.0064051285492751405
806,0.17383542558144466,0.01889287369965835
807,0.9226054501875889,0.01657624565631447
808,-0.5101170999778601,-0.01986740600686962
809,-0.849841004456619,-0.012945519848243176
810,-0.04109577230719294,0.005967398169985915
811,-0.20572707556023528,-0.02524410670053244
812,-0.09414746963309562,-0.03969215032674767
813,-0.061044945696015374,-0.03889694796649284
814,-1.8372539583147465,-0.01464288620754716
815,1.340390550982376,0.04324456996714349
816,-0.27513646021504523,-0.0323344723597438
817,1.279149504808754,0.028584606353196464
818,0.1950359408161757,0.03149419849016372
819,-0.7140811149186597,-0.006169787313147025
820,0.8462711275545349,-0.02941746484216705
821,-0.8107085800927788,0.007557555921116588
822,-0.601758495655371,0.021304783883704423
823,-0.32536671347813706,0.017597591490026515
824,1.1492197394553847,0.022486238865666593
825,-0.29496922232636863,-0.02385863524677501
826,-1.2423750818014887,0.00442948269205945
827,0.7583281151692629,0.0025732628528556695
828,0.2199145928511399,-0.008714577240942215
829,1.2722442904036255,0.009814927184583017
830,1.4134101047363141,-5.686286522858623e-05
831,2.07134698883801,0.03606838898488565
832,0.40537890341086685,0.011197838393261824
833,-0.42717471114862976,-0.024184896610242566
834,-0.1558065288456444,0.02641302566261832
835,1.7943672279883502,0.034537874257912
836,0.7005675692232946,0.021550515254931228
837,-0.40701357929434956,-0.010825705060826812
838,0.2415052090074192,-0.004681550504731178
839,-0.3827006480622226,-0.021967730676410762
840,-1.913807350913463,-0.001019318786955931
841,-0.1256876506643646,-0.0013280330160689302
842,-0.55183199767623,-0.030535394480167337
843,-0.3472003432460927,-0.009424119286813241
844,0.6480616579951017,0.006309405648122742
845,0.8708171812854845,0.0346319500582327
846,1.2902892868809663,0.020347790223341426
847,-0.29692258890310197,-0.041847680424805564
848,-1.7898861876870453,-0.005405554299385225
849,-0.6074011423125589,-0.023379736097649886
850,-1.1364354708000222,0.00113808862943412
851,0.7718573971070919,0.01236438150423321
852,0.5663885612632956,0.009860187495365779
853,0.19802936903212964,-0.018167733355860187
854,1.0071163330572226,0.007085507026683128
855,-0.759312516782559,0.00939676512898871
856,-0.2934598417492684,-0.012785418427093869
857,0.16174089978162415,-0.01891479614142593
858,0.7118078837712247,0.04638967116048111
859,-0.7260650175455939,-0.0065067575289532754
860,-1.084372093821338,-0.016713341519093938
861,0.12262120572374688,-0.0125366111490297
862,-0.22919499565957335,-0.01623380260354174
863,-1.0042558821873058,-0.011447572262660183
864,-0.6957412288306559,-0.016416406576625426
865,-0.7907287041740902,-0.02055708987252065
866,-0.2792408509221548,-0.011873181197220205
867,0.3861469787939258,0.01346702761291592
868,-1.0079750801851057,0.006723675520151424
869,-0.5817415098215433,0.004269323626609335
870,0.7395428944214905,-0.020023251609518313
871,0.1284403668897257,-0.02638682922170224
872,0.8347991502047735,0.03809756070484105
873,0.7790247851645017,0.005884384704695397
874,-0.0930525624308321,-0.01477897205598327
875,-0.7444615414735052,-0.01860662692535393
876,0.7070811521460297,0.030851147609781502
877,-0.022313195056372304,0.013556891114575663
878,-2.0033403598224964,-0.0026279569819939812
879,0.0765503287952152,-0.020559065383593124
880,-1.1127497854622963,-0.004850934044878288
881,1.2839284225568672,0.03842319535609564
882,-0.11022699842218292,0.0029581407284484055
883,-0.20494812223805933,-0.011331047884084136
884,-0.5361722762864325,-0.004309813022673234
885,-0.12432894661992566,0.0019332689042363396
886,-0.23700989535722028,-0.02940644849227325
887,-0.3590813132125721,-0.017065751203088095
888,-1.4962470705290165,0.002717102026360504
889,0.7001204146789266,0.004365176693947479
890,-0.8510456796027178,-0.018611067659489007
891,1.2542785980304456,0.014336256223465172
892,-0.5889699299160287,-0.004579517633640052
893,-1.407955199737743,-0.005403273755048697
894,0.21278407541089261,-0.019692288030108675
895,-1.8085169092356268,-0.012484387973456587
896,0.5467472093427244,0.022291829967766276
897,0.598122073996811,0.005768942109197584
898,-0.4618711998790619,-0.00527149744568004
899,-1.759661300332521,-0.012107085116191879
900,-0.4497813439368572,-0.04051262792272893
901,0.7044824670352818,0.008476296192678048
902,-1.9050591671338408,0.0014889087929953835
903,-1.005590971781007,-0.013885418726593934
904,-1.6581000645763442,0.0015825725690155295
905,-0.3414563594270407,-0.010131017886649737
906,0.4864759789761825,0.008247642765155579
907,-0.41156027680049334,-0.013066968012321253
908,0.1540607160600383,-0.009063656408693704
909,0.7560839238237309,0.005711432604249597
910,-0.713188462803734,-0.01321003179833998
911,-0.9415747954210487,-0.010989902575552452
912,1.626582928632028,0.02569338393752326
913,0.8484420158380157,0.019634247414121474
914,-0.46792000867379696,-0.002378775400142117
915,1.072336157298584,0.037665521865009724
916,0.5265399211855364,0.012050469437722717
917,0.4520140111080868,0.018396441790725023
918,1.8574012774034392,0.029209838541915337
919,-0.24600716400792072,-0.0207160349156056
920,0.35154550092448317,-0.01156068657193725
921,0.6052912254307181,0.007005394440812187
922,-0.6534006705971311,-0.006950373423590447
923,0.2213210536876633,-0.011913641232295335
924,1.012911444303137,0.006154518841737665
925,0.9780096023547217,0.016576299010211917
926,-0.7025114380325529,-0.017814041781365208
927,-0.5764908041634011,-0.02959828538306734
928,-0.33867980297218353,-0.016556442965817736
929,-1.6757215152942613,-0.009889256272521211
930,1.5285697094521309,0.03124615284550942
931,-0.6500465952240925,-0.022384162452020493
932,0.21307786227991998,-0.007135183549485144
933,-0.3918781766689412,-0.01458300764730336
934,1.936996368705866,0.03835726514144499
935,-1.5509661635484215,-0.007164742974436809
936,0.013653081181017879,-0.008313891741822229
937,-0.9172227653962516,-0.021389054075779092
938,1.0129515921871577,0.02022546989978576
939,0.13765561314554253,0.029034223651446707
940,0.9759590738663353,0.03693871989128119
941,-0.1567605739763408,-0.004148633272329208
942,-0.5468483471463166,-0.012358727402026426
943,-1.027619080379553,-0.00988421414518839
944,-1.018714603059588,-0.0030968336026482466
945,0.4970758526219535,-0.01239878726977311
946,-1.0774076511219783,-1.7885554958841504e-05
947,0.5331400421540518,-0.007202558145734493
948,-2.0854964179363735,-0.013385989972915513
949,-0.799119245725194,-0.011898179657294165
950,-0.8996422037858713,-0.01091082886690473
951,-0.37338569601504334,-0.025799538479363344
952,-1.6966251726324852,0.001097444708960167
953,-0.06658660599026134,-0.018756509430244823
954,-0.5597520132716505,-0.014476975516299532
955,-0.095424980150943,-0.04419580210795934
956,0.39624390857468894,0.016014824828799085
957,1.175470160538724,-0.004540340245928093
958,-0.36712145130978246,-0.01861705602045768
959,-0.5753005173484433,-0.0249988256109481
960,0.539557914885668,-0.023252816389374216
961,0.38212327675660857,0.01289025569764157
962,0.8421923718173301,-0.00982103810534051
963,-0.9665316595677541,-0.009424325503966907
964,-0.3933538052201341,-0.04193416675572914
965,-0.5307177411542802,-0.009308812992565878
966,0.799893121514865,0.021421620643288425
967,-0.2072231391142392,-0.010053595802310217
968,1.3820985659451632,0.03524063555377452
969,-0.8052691875957048,-0.019917110537383348
970,-0.8429751978320017,-0.024530613045093963
971,0.5591486512157925,0.01938020274526637
972,0.11718677071995431,0.024846243619387424
973,1.1857884497278337,0.032413018287071396
974,-0.25151568847242345,-0.030137024786463046
975,1.8515450326763339,0.05254890962150741
976,-0.878804158748845,0.004492312094298803
977,-0.6762771105015303,-0.018308401219126268
978,1.876524448872881,0.03736836973957505
979,1.0378560129716778,0.027926052023680786
980,-1.5312451826844609,-0.006172809302568824
981,1.1513414663910493,-0.0036643949283687713
982,-0.5862856946455038,-0.004660208863724235
983,-0.09255360886672048,-0.004244841540521016
984,0.4064059855907744,0.0021233287274115093
985,-0.7391424328646735,-0.012473721041464098
986,-0.7997105119453953,-0.009108134461053569
987,-0.8104567965542687,-0.008120288368487858
988,-0.23949898659629743,-0.020656650595337223
989,-0.28274664595595345,0.014164653616253792
990,-0.14862309314605315,-0.0012303469995395971
991,0.10141391959116652,-0.03385838806948621
992,1.3433574881425927,0.0104955156292038
993,-0.7863330989444325,-0.01678740819477134
994,-0.05355365241643925,-0.0253069024464637
995,0.45065842213037305,-0.009880731012241996
996,-1.5689973837456659,-0.014148899741539198
997,-1.3190145451252993,-0.0163983217989737
998,-0.6204066330411103,-0.006951734643187806
999,-0.8364837890891526,0.00894237792462417
1000,-0.1019390998694224,-0.02339866843829983
