family,date,ff_to_iem_beta,iem_to_ff_beta,ff_to_iem_change,iem_to_ff_change,ff_to_iem_pct_change,iem_to_ff_pct_change
51:0102,2001-12-20,0.7496809216900449,0.02020851178441827,0.0051453394279761255,0.00011221285080452795,0.6910803930073312,0.5583757047763506
51:0102,2001-12-21,0.7449493364244202,0.020138992399653517,0.000413754162351454,4.269346603977611e-05,0.05557211397397215,0.21244442163609337
51:0102,2001-12-24,0.7436117947614362,0.02009690950381893,-0.0009237875006324892,6.105702051902029e-07,-0.12407566846245444,0.0030382221483028536
51:0102,2001-12-26,0.7438231097046372,0.019966053418956783,-0.0007124725574315649,-0.000130245514656957,-0.09569355372740024,-0.6481069727675278
51:0102,2001-12-27,0.7173847030109372,0.020096318440804353,-0.027150879251131577,1.9507190612833014e-08,-3.646686592014987,9.706857306050835e-05
51:0102,2001-12-28,0.7516037323877781,0.020111948392495735,0.007068150125709383,1.5649458881994427e-05,0.9493367804174963,0.07787234322942231
51:0102,2001-12-31,0.7402031708231404,0.020862554789109717,-0.004332411438928374,0.0007662558554959766,-0.5818944778657215,3.8129202696836453
51:0102,2002-01-02,0.7262891082941534,0.020190038624166764,-0.018246473967915344,9.373969055302342e-05,-2.450718864567681,0.4664525088061428
51:0102,2002-01-03,0.756799269602378,0.02027407277101272,0.012263687340309248,0.00017777383739897915,1.6471593342858608,0.8846098377927126
51:0102,2002-01-04,0.7473789693503892,0.019919102416215806,0.002843387088320437,-0.00017719651739793452,0.3819007655324651,-0.8817370700111835
51:0102,2002-01-07,0.6955914074691677,0.02015934711653992,-0.04894417479290103,6.304818292618072e-05,-6.5737858550960695,0.3137303198686213
51:0102,2002-01-08,0.7322964827605767,0.01931296355528422,-0.012239099501492046,-0.0007833353783295201,-1.6438568945633025,-3.8979086692390266
51:0102,2002-01-09,0.7457595941424744,0.020441173623390988,0.0012240118804056621,0.0003448746897772477,0.1643993799042935,1.7161104684823272
51:0102,2002-01-10,0.7448226308225353,0.02011101499219028,0.000287048560466574,1.4716058576540875e-05,0.0385540419162312,0.07322770538572305
51:0102,2002-01-11,0.7801874505252777,0.020098922662674986,0.035651868263208986,2.623729061245611e-06,4.7884707074563835,0.013055782410049017
51:0102,2002-01-14,0.9594905351755294,0.017558717784605913,0.21495495291346067,-0.0025375811490078275,28.871011410949436,-12.627106898591087
51:0102,2002-01-15,0.750926745075183,0.022310075815729736,0.006391162813114248,0.0022137768821159955,0.858409317885982,11.015843710471277
51:0102,2002-01-16,0.7455996977273875,0.02058688046938074,0.0010641154653188156,0.0004905815357670006,0.14292338615782343,2.441153654150902
51:0102,2002-01-17,0.8445495933864117,0.020363120261690005,0.10001401112434294,0.0002668213280762645,13.43307338253433,1.32771376937457
51:0102,2002-01-18,0.6615991775899418,0.023588710745038145,-0.08293640467212693,0.003492411811424404,-11.139347352633871,17.378383069247043
51:0102,2002-01-22,0.8123319287883959,0.020290309182225866,0.06779634652632716,0.00019401024861212535,9.105857146591491,0.9654028796696358
51:0102,2002-01-23,0.7079817623425811,0.019998474705913753,-0.036553819919487585,-9.782422769998717e-05,-4.909613561843311,-0.48677733160290076
51:0102,2002-01-24,0.6385683168624071,0.020109575781598242,-0.10596726539966161,1.3276847984501627e-05,-14.232666366019595,0.0660661350050597
51:0102,2002-01-25,0.7110274189201182,0.01899369583474315,-0.0335081633419505,-0.0011026030988705894,-4.500545593824417,-5.486597818398982
51:0102,2002-01-28,0.7891497768941128,0.021503259388536144,0.04461419463204408,0.001406960454922404,5.992217926844542,7.001092388056962
51:0102,2002-01-29,0.6398708452006503,0.020996283285730222,-0.10466473706141843,0.0008999843521164813,-14.057721290287178,4.478358702214254
51:0302,2002-02-20,0.7413311427867841,0.020083970923771746,-0.003204439475284593,-1.2328009841994225e-05,-0.4303944031188913,-0.06134467785694601
51:0302,2002-02-21,0.7443079308413086,0.020271551273034843,-0.00022765142076008882,0.00017525233942110308,-0.03057629832390709,0.8720627614071274
51:0302,2002-02-22,0.7421960412650854,0.020040542523695616,-0.0023395409969833025,-5.5756409918124306e-05,-0.3142282320309318,-0.2774461611180767
51:0302,2002-02-25,0.7439588452418543,0.020146495926669592,-0.0005767370202144351,5.019699305585171e-05,-0.07746265376090913,0.24978227693404054
51:0302,2002-02-26,0.7438507733506244,0.020103029396706572,-0.0006848089114442901,6.7304630928313736e-06,-0.09197799645299486,0.03349105780653858
51:0302,2002-02-27,0.7432463604570974,0.020092473041596216,-0.0012892218049713744,-3.825892017524785e-06,-0.17315784976379836,-0.01903779412399897
51:0302,2002-02-28,0.7534121616387848,0.019932177572697354,0.008876579376716043,-0.00016412136091638677,1.1922303766526474,-0.816674560119485
51:0302,2002-03-01,0.7440090649966453,0.020066209554504,-0.0005265172654234096,-3.0089379109740633e-05,-0.07071754231325388,-0.1497259729721284
51:0302,2002-03-04,0.7247378962728453,0.020045123730554167,-0.01979768598922338,-5.1175203059573154e-05,-2.659065122055483,-0.25464988965692487
51:0302,2002-03-05,0.7481205402686687,0.02040209059070923,0.0035849580065999698,0.00030579165709548883,0.4815025758349991,1.5216317099265053
51:0302,2002-03-06,0.744273709853816,0.02015038589151693,-0.00026187240825270575,5.4086957903189126e-05,-0.03517258469461966,0.2691389000624462
51:0302,2002-03-07,0.7432363915766095,0.020066209554503896,-0.0012991906854592505,-3.0089379109844716e-05,-0.1744967891946834,-0.1497259729726463
51:0302,2002-03-08,0.7440663966871828,0.020028968632075986,-0.00046918557488595525,-6.733030153775396e-05,-0.06301721315460337,-0.3350383160609492
51:0302,2002-03-11,0.743410039750255,0.02012784842499022,-0.0011255425118137374,3.1549491376479943e-05,-0.1511737704186122,0.15699155093532774
51:0302,2002-03-12,0.7446397381591574,0.020093307726697495,0.00010415589708867579,-2.9912069162453536e-06,0.013989378019009709,-0.014884367147038011
51:0302,2002-03-18,0.7447778981129756,0.020071037773559015,0.00024231585090683794,-2.5261160054725063e-05,0.032545906022466674,-0.12570055878534134
51:0502,2002-04-04,0.7634925584345921,0.019737023103575366,0.018956976172523343,-0.000359275830038374,2.5461477764336973,-1.7877711275355148
51:0502,2002-04-05,0.7505188690438366,0.01942709832484171,0.005983286781767849,-0.000669200608772031,0.8036267069451887,-3.3299694186609843
51:0502,2002-04-08,0.7712060438418896,0.019495666719077806,0.026670461579820892,-0.0006006322145359344,3.582160774477689,-2.9887703030297628
51:0502,2002-04-09,0.7592352776396546,0.020202408367237554,0.014699695377585864,0.000106109433623814,1.9743442392537964,0.5280048529051875
51:0502,2002-04-10,0.7327334371758455,0.019932961059123587,-0.011802145086223237,-0.0001633378744901534,-1.5851687101865073,-0.8127758998297394
51:0502,2002-04-11,0.7457972284332809,0.020230483822818224,0.0012616461712121607,0.00013418488920448335,0.1694541135803063,0.6677094605715743
51:0502,2002-04-12,0.7444620374469249,0.02022826735345745,-7.354481514387778e-05,0.00013196841984370808,-0.009877944976173184,0.6566802189779
51:0502,2002-04-15,0.727054744726613,0.020139095326261763,-0.017480837535455707,4.279639264802293e-05,-2.347884768964962,0.21295658862060543
51:0502,2002-04-16,0.7446896764375769,0.0203175712026356,0.00015409417550815707,0.0002212722690218584,0.020696683836114838,1.101059800875827
51:0502,2002-04-17,0.7474708735496919,0.020074259850747875,0.002935291287623154,-2.203908286586495e-05,0.39424459455719635,-0.10966737178158534
51:0502,2002-04-18,0.7527665574990565,0.019866026004784737,0.008230975236987792,-0.0002302729288290034,1.1055180481744356,-1.1458474497701725
51:0502,2002-04-19,0.7640496920068675,0.020089526579364254,0.019514109744798724,-6.772354249486023e-06,2.6209774535570767,-0.033699509904076705
51:0502,2002-04-22,0.7468053633802516,0.020021725058884842,0.0022697811181828786,-7.457387472889834e-05,0.30485864910401816,-0.37108263056419605
51:0502,2002-04-23,0.7410684227439356,0.020173326504502796,-0.003467159518133145,7.702757088905512e-05,-0.46568083523948234,0.38329232235004346
51:0502,2002-04-24,0.7467109998519402,0.02008743559314511,0.002175417589871498,-8.863340468630299e-06,0.29218450288998726,-0.04410434228665448
51:0502,2002-04-25,0.7420025424664787,0.020034430809458294,-0.002533039795590053,-6.186812415544599e-05,-0.3402174262637792,-0.30785829948002663
51:0502,2002-04-26,0.7442190814796177,0.020010584255795022,-0.00031650078245104574,-8.571467781871844e-05,-0.04250982625832929,-0.4265197193864847
51:0502,2002-04-29,0.7415619275174672,0.020167106746387203,-0.0029736547446015393,7.080781277346224e-05,-0.39939726393826586,0.352342553260027
51:0502,2002-04-30,0.7442236969338747,0.020093065958683647,-0.00031188532819403925,-3.232974930093835e-06,-0.04188991575747939,-0.01608741460690681
51:0502,2002-05-01,0.7427602622193374,0.02012505809409214,-0.0017753200427312876,2.875916047840113e-05,-0.2384466350604038,0.14310675101621623
51:0502,2002-05-02,0.7433417319619158,0.020105281910948302,-0.0011938503001529543,8.982977334561631e-06,-0.1603483202946144,0.044699660192337225
51:0502,2002-05-03,0.7441595102477234,0.020112138504904297,-0.0003760720143453078,1.583957129055666e-05,-0.05051095250581783,0.07881835029863565
51:0502,2002-05-06,0.7485873497532832,0.020068551951736444,0.004051767491214497,-2.774698187729685e-05,0.5442006517545213,-0.13807010917262144
51:0602,2002-05-15,0.7427728005172087,0.02010331988986463,-0.001762781744859998,7.020956250890914e-06,-0.23676259225976354,0.034936563563688974
51:0602,2002-05-16,0.7417194813922706,0.02013943996640036,-0.0028161008697981105,4.314103278662065e-05,-0.378235901263732,0.2146715319528887
51:0602,2002-05-17,0.7445770403098253,0.02009039586864459,4.145804775657069e-05,-5.903064969149663e-06,0.005568309795297049,-0.029373891126171493
51:0602,2002-05-20,0.7455230904195916,0.020112715558535256,0.0009875081575229094,1.6416624921515577e-05,0.1326341119282217,0.08168979261179571
51:0602,2002-05-21,0.7470233640068631,0.020139136943677145,0.0024877817447943595,4.2838010063404874e-05,0.33413873078247136,0.21316367857044854
51:0602,2002-05-22,0.7448957583451595,0.020099339616757424,0.00036017608309080185,3.040683143683276e-06,0.048375939534884935,0.015130562864972753
51:0602,2002-05-23,0.7440377171971337,0.020109303666054165,-0.0004978650649349881,1.3004732440424771e-05,-0.06686921039050418,0.06471207700176385
51:0602,2002-05-24,0.7443077010008202,0.020095450473457302,-0.00022788126124850816,-8.484601564384686e-07,-0.030607168640100848,-0.0042219722111085135
51:0602,2002-05-28,0.7445737802855856,0.020095412499372776,3.819802351689994e-05,-8.864342409646564e-07,0.0051304496960166285,-0.004410932798585997
51:0602,2002-05-29,0.7431850221333869,0.02004968938383098,-0.0013505601286818436,-4.660954978276052e-05,-0.18139631749748403,-0.23193101345044104
51:0602,2002-05-30,0.7359425061826805,0.02005097455249575,-0.008593076079388196,-4.53243811179907e-05,-1.154152505818523,-0.22553596195854564
51:0602,2002-05-31,0.7404028983818743,0.02013812097359557,-0.004132683880194388,4.182203998183073e-05,-0.5550686869307646,0.2081081701659891
51:0602,2002-06-03,0.7430868446654728,0.020094126489982087,-0.001448737596595917,-2.1724436316539197e-06,-0.1945827212440703,-0.010810167776814953
51:0602,2002-06-04,0.7432946282049894,0.02017069034602141,-0.0012409540570793576,7.439141240767055e-05,-0.16667491610126361,0.37017469064037956
51:0602,2002-06-05,0.7441998217312674,0.020095490066426133,-0.0003357605308013101,-8.088671876078923e-07,-0.045096639945829464,-0.00402495598955763
51:0602,2002-06-06,0.7444475771557293,0.020093603162762607,-8.800510633943937e-05,-2.6957708511334e-06,-0.011820134381228604,-0.013414265283566039
51:0602,2002-06-07,0.7447760575915497,0.020097712827979,0.0002404753294810158,1.4138943652611258e-06,0.03229870206476861,0.007035595807625049
51:0602,2002-06-10,0.7444771734009753,0.020106790994016417,-5.840886109342858e-05,1.049206040267675e-05,-0.007845005999037568,0.05220891885285096
51:0602,2002-06-11,0.7441988848756961,0.020100291182980998,-0.000336697386372653,3.992249367257283e-06,-0.04522247081189722,0.019865595055314957
51:0602,2002-06-12,0.7442559970551311,0.020095450473457253,-0.0002795852069376048,-8.484601564870409e-07,-0.03755162460982204,-0.004221972211350211
51:0602,2002-06-13,0.7442891100541814,0.020094483133187804,-0.00024647220788731605,-1.8158004259360983e-06,-0.03310415428883564,-0.00903549669486121
51:0602,2002-06-14,0.7443811787308803,0.020094494082304157,-0.00015440353118845174,-1.8048513095829388e-06,-0.02073823399001813,-0.008981013447028717
51:0602,2002-06-17,0.7444050049265618,0.020096453903630015,-0.00013057733550692063,1.54970016274375e-07,-0.017538092015723,0.000771137097364565
51:0602,2002-06-18,0.7442536725398678,0.020097741178672683,-0.0002819097222008793,1.4422450589426927e-06,-0.037863834706781015,0.007176670011264341
51:0602,2002-06-19,0.7444698776794156,0.0200954504734573,-6.57045826530922e-05,-8.484601564419381e-07,-0.008824908334597885,-0.0042219722111257775
51:0602,2002-06-20,0.7439441284720442,0.020071391602981162,-0.0005914537900245653,-2.4907330632577968e-05,-0.07943929129989918,-0.12393988920475867
51:0602,2002-06-21,0.7492056117465038,0.020059269782017677,0.004670029484435068,-3.7029151596063015e-05,0.6272406041691727,-0.1842585628248534
51:0602,2002-06-24,0.7443630976975766,0.020095450473457236,-0.000172484564492148,-8.484601565043881e-07,-0.023166732202119955,-0.0042219722114365315
51:0602,2002-06-25,0.7473733186014075,0.02009651305698905,0.0028377363393388144,2.1412337530835046e-07,0.3811418026143391,0.0010654866153000967
51:0802,2002-07-03,0.751400968665442,0.02025139490284249,0.006865386403373308,0.00015509596922875027,0.9221031965342341,0.7717638443829653
51:0802,2002-07-05,0.7353483948936069,0.01949418029017472,-0.009187187368461802,-0.0006021186434390195,-1.2339487309053832,-2.9961668336446556
51:0802,2002-07-08,0.7411711515187435,0.020214854026877973,-0.003364430743325264,0.0001185550932642325,-0.4518831367472535,0.5899349609391672
51:0802,2002-07-09,0.7406121046863057,0.020085722084769185,-0.003923477575763057,-1.0576848844555398e-05,-0.526969787507353,-0.052630829584566975
51:0802,2002-07-10,0.7439382464732174,0.02075261074849221,-0.0005973357888513497,0.00065631181487847,-0.08022931382762225,3.265834256578961
51:0802,2002-07-11,0.7627482174670382,0.019456359628839986,0.01821263520496952,-0.0006399393047737539,2.4461739155078908,-3.184363981087931
51:0802,2002-07-12,0.7422311714016357,0.020397618682651098,-0.0023044108604329816,0.0003013197490373577,-0.3095098361090623,1.4993793137370197
51:0802,2002-07-15,0.739792903187544,0.01969663362931166,-0.004742679074524747,-0.0003996653043020805,-0.6369983097537673,-1.9887507924834207
51:0802,2002-07-16,0.7222803716576713,0.017786326213817986,-0.02225521060439739,-0.0023099727197957547,-2.9891399598097097,-11.494518107172548
51:0802,2002-07-17,0.7304158244146248,0.020036056058159567,-0.014119757847443903,-6.024287545417298e-05,-1.8964517188748538,-0.2997709959091459
51:0802,2002-07-18,0.7470486197396674,0.020059521378626214,0.0025130374775986786,-3.677755498752641e-05,0.3375308766256004,-0.18300660787848377
51:0802,2002-07-19,0.7441421628228541,0.020170984349122453,-0.0003934194392146706,7.468541550871219e-05,-0.0528409183640858,0.37163766201641674
51:0802,2002-07-22,0.7485273145484292,0.019940561808089785,0.0039917322863605165,-0.00015573712552395536,0.5361372084102044,-0.7749542641578855
51:0802,2002-07-23,0.7484816298402989,0.020163107979154316,0.0039460475782301385,6.680904554057579e-05,0.5300012077651342,0.3324445250405225
51:0802,2002-07-24,0.7174484880511057,0.020042472678202573,-0.027087094210963003,-5.3826255411167784e-05,-3.6381195011078233,-0.2678416338698873
51:0802,2002-07-25,0.7538956905215664,0.0210869018351259,0.009360108259497624,0.0009906029015121602,1.2571740669612435,4.929280285810462
51:0802,2002-07-26,0.7322584024435558,0.020166318885173975,-0.012277179818512951,7.001995156023441e-05,-1.6489715348744087,0.34842212385245075
51:0802,2002-07-29,0.787690794194519,0.015283323290039555,0.04315521193245031,-0.004812975643574186,5.796259166195247,-23.949562352119685
51:0802,2002-07-30,0.8361826423401509,0.020003072445474567,0.09164706007808221,-9.322648813917325e-05,12.309292162993414,-0.4638987927435709
51:0802,2002-07-31,0.7463154173747665,0.020082033503216152,0.0017798351126977474,-1.4265430397588513e-05,0.2390530627549328,-0.0709853612583742
51:0802,2002-08-01,0.7508662303261424,0.0200984799461035,0.006330648064073685,2.1810124897596317e-06,0.8502814660435347,0.010852806762899
51:0802,2002-08-02,0.7257480719498202,0.021505507625319446,-0.018787510312248568,0.0014092086917057052,-2.5233864921764826,7.012279705635825
51:0802,2002-08-05,0.7509273609027144,0.019825208517578102,0.006391778640645662,-0.0002710904160356381,0.8584920308611689,-1.3489569245121211
51:0902,2002-08-16,0.7451778695222818,0.020058338462514418,0.0006422872602130925,-3.796047109932282e-05,0.08626683203799038,-0.1888928465122942
51:0902,2002-08-19,0.7184927453383014,0.02006482685809532,-0.0260428369237673,-3.1472075518419046e-05,-3.4978633048864136,-0.15660632648023465
51:0902,2002-08-20,0.7782359379609447,0.02094861771885181,0.03370035569887597,0.0008523187852380702,4.5263593173729335,4.241172904790211
51:0902,2002-08-21,0.76265900642802,0.017946070976043418,0.018123424165951252,-0.0021502279575703227,2.4341918099989472,-10.699621679959087
51:0902,2002-08-27,0.7376026021833101,0.02026492085984496,-0.006932980078758644,0.00016862192623122094,-0.93118183253172,0.8390695559826604
51:0902,2002-08-28,0.7519050441854155,0.020104727318383017,0.007369461923346754,8.428384769276764e-06,0.9898065450353158,0.041939985054557316
51:0902,2002-08-29,0.7444125874946386,0.020084053702535996,-0.00012299476743016236,-1.224523107774475e-05,-0.01651966277507869,-0.06093276736276533
51:0902,2002-08-30,0.7445014940622833,0.02008375333248039,-3.408819978545363e-05,-1.2545601133350653e-05,-0.004578451399446339,-0.06242742096340168
51:0902,2002-09-03,0.7444450649589178,0.019900155310221664,-9.051730315090545e-05,-0.00019614362339207686,-0.01215755234637588,-0.9760186392530242
51:0902,2002-09-04,0.7484937171585713,0.02046426537631504,0.003958134896502541,0.00036796644270130005,0.5316246786321246,1.8310159692431083
51:0902,2002-09-05,0.7411737471414058,0.020122273786582403,-0.003361835120662904,2.5974852968662504e-05,-0.4515345136962941,0.12925192372221384
51:0902,2002-09-06,0.741179814595607,0.020668020661090872,-0.0033557676664617286,0.0005717217274771313,-0.45071958230204956,2.844910544801115
51:0902,2002-09-09,0.7876651080895559,0.02044568851710632,0.04312952582748719,0.0003493895834925792,5.7928092162432145,1.7385767630485358
51:0902,2002-09-10,0.7470222762987503,0.020125908682287044,0.002486694036681558,2.9609748673303793e-05,0.33399263862264517,0.1473393124331841
51:0902,2002-09-16,0.74663917670086,0.01992768450726241,0.0021035944387912675,-0.0001686144263513302,0.282537797911561,-0.8390322362756063
51:0902,2002-09-17,0.7592053370873691,0.020093335959504823,0.014669754825300418,-2.9629741089172434e-06,1.9703228663337164,-0.014743879550683205
51:0902,2002-09-18,0.7440031993401971,0.020090377310418562,-0.0005323829218716325,-5.921623195178499e-06,-0.07150536986481316,-0.0294662376129059
51:0902,2002-09-19,0.7423650498144667,0.0201607038715609,-0.002170532447602014,6.440493794715799e-05,-0.2915283700756708,0.3204815879775362
51:0902,2002-09-20,0.7531533656927362,0.019986053473925073,0.008617783430667436,-0.00011024545968866747,1.1574709974887496,-0.5485858866493434
51:0902,2002-09-23,0.7320998384701427,0.020108156562817198,-0.012435743791926024,1.1857629203457232e-05,-1.6702685658277607,0.05900404468816776
51:1102,2002-10-07,1.1888457189949342,0.016519768453051434,0.44431013673286546,-0.0035765304805623066,59.67614541442734,-17.796960984592452
51:1102,2002-10-08,0.5734815603007033,0.028871260484946346,-0.17105402196136543,0.008774961551332606,-22.97459329501276,43.66456520337341
51:1102,2002-10-09,0.7424407192045456,0.02231265699401124,-0.0020948630575231553,0.002216358060397501,-0.2813650693709606,11.028687758472515
51:1102,2002-10-10,0.8244694892108516,0.015998013491147413,0.07993390694878288,-0.004098285442466328,10.736076132980168,-20.393234873767717
51:1102,2002-10-11,0.5383691846760305,0.02046829883564394,-0.20616639758603827,0.0003719999020301984,-27.690603712942476,1.8510866267418968
51:1102,2002-10-17,0.7638670065829989,0.020197116426656555,0.019331424320930157,0.00010081749304281448,2.596440624395262,0.5016719415642439
51:1102,2002-10-28,0.6787666191655001,0.026862562379560914,-0.06576896309656866,0.006766263445947173,-8.833555395263657,33.66920181819994
51:1102,2002-11-01,0.43797127767605454,0.013973026377624426,-0.3065643045860142,-0.006123272555989314,-41.17523888577655,-30.469653025250953
51:1102,2002-11-04,0.812004258682802,0.016182946801875913,0.06746867642073329,-0.003913352131737827,9.061847147150184,-19.472999205800146
51:1202,2002-11-14,0.7438777474141437,0.020103617541098975,-0.0006578348479250318,7.31860748523494e-06,-0.08835505832056806,0.036417688199261375
51:1202,2002-11-15,0.744535361175657,0.020093693356268753,-2.2108641173357313e-07,-2.6055773449870645e-06,-2.969453938814613e-05,-0.012965458732447938
51:1202,2002-11-18,0.7443222343469595,0.020094616768323463,-0.0002133479151091855,-1.682165290277371e-06,-0.02865516708563289,-0.008370522830269633
51:1202,2002-11-19,0.7444655037059953,0.020093816299660786,-7.007855607343849e-05,-2.4826339529541996e-06,-0.009412385081788014,-0.01235368741854085
51:1202,2002-11-20,0.7444249192923242,0.02008801352441444,-0.00011066296974449052,-8.285409199299681e-06,-0.014863355409861166,-0.04122853280929868
51:1202,2002-11-21,0.7427194104603677,0.020063849425920866,-0.0018161718017010164,-3.244950769287422e-05,-0.2439335130475662,-0.161470068693087
51:1202,2002-11-22,0.7446991191722716,0.02010051637685855,0.0001635369102028772,4.2174432448097154e-06,0.02196495561783828,0.020986168939572645
51:1202,2002-11-25,0.7446081573432834,0.020096665787363605,7.257508121472078e-05,3.6685374986411556e-07,0.009747698154898272,0.0018254791644769163
51:1202,2002-11-26,0.7443667088190039,0.020095907387576013,-0.00016887344306482088,-3.915460377278135e-07,-0.022681715567138494,-0.0019483489921266076
51:1202,2002-11-27,0.7445312266747723,0.020093401551024646,-4.355587296389629e-06,-2.8973825890940552e-06,-0.0005850072716681133,-0.014417493483080093
51:1202,2002-12-04,0.7446548935968437,0.020095223294147854,0.00011931133477494082,-1.07563946588618e-06,0.01602493388058712,-0.0053524256851445896
51:1202,2002-12-05,0.7447618762580241,0.020097533156088074,0.00022629399595541777,1.2342224743333574e-06,0.03039397999863016,0.00614154117835576
51:1202,2002-12-06,0.7464545248784804,0.020098473402228395,0.0019189426164116785,2.1744686146546455e-06,0.2577368579996531,0.010820244174500991
51:1202,2002-12-09,0.738054800999898,0.020175947550805488,-0.006480781262170776,7.964861719174723e-05,-0.8704461434174423,0.3963347552445306
