permutation,ff_to_iem_beta,iem_to_ff_beta
1,0.3188093352391076,0.008879498651522379
2,0.2924252164002487,-0.026234995058478733
3,-0.8450214384911066,0.006645516031765917
4,-0.3703246550672957,-0.01308485816433283
5,0.6875131327752166,-0.006608744828509726
6,0.12495135027821103,-0.031142283410403496
7,-0.4066714252265494,0.024486030492909105
8,-0.6500958384983874,-0.01190745777036278
9,0.883536552120048,-0.00020071903850337543
10,1.2482316898735513,-0.008067120443985117
11,-0.30749275763677053,0.02585133438839235
12,-1.496962041807822,-0.012328354279928646
13,-0.8144919250070177,0.018206803969429364
14,1.690748415630977,0.00813546182794267
15,-1.236021960187855,0.0049384712673904135
16,-1.1977524248905005,-0.0013675825731174383
17,0.7264368340386074,-0.01522188795619601
18,-1.0924669392391444,0.011202280888356144
19,-1.5301508893894562,-0.01427736020062431
20,-1.2759977566764888,-0.020139598588188784
21,0.20337677364627493,0.002995771550851926
22,0.8460134796760554,-0.006129960974213675
23,0.05384568478605428,-0.029908131975309983
24,0.9551736713466425,0.006468061587242319
25,-1.206139890409423,0.00239285450788059
26,0.7991654680730026,0.012075997952167121
27,-1.0006853391346455,-0.00480048088727432
28,-0.3821519006952504,0.01053201947529493
29,-0.36762637862924463,0.02506580908790457
30,-0.8794417462531702,-0.018931056926403608
31,-0.7624607324271689,-0.0018480451375936088
32,1.0706863475346946,-0.006700297388969558
33,-0.880093698226645,0.017743563072151483
34,-0.042968358945825125,-0.029674435062119198
35,-1.0320018732438179,0.010627345365814667
36,-0.36202002081633666,-0.01330071665852619
37,0.33435852643366937,-0.018329392861113215
38,-0.032820465071795826,0.00434138784583411
39,-0.8141895649529483,-0.01008527346648531
40,0.617667981551859,-0.006595702782145704
41,0.11187219684490288,0.00712393492221557
42,-0.2607423558943175,-0.016874009071356416
43,-1.3450757390160908,0.0122007305264214
44,0.42678115700347785,-0.027007562793227927
45,-1.0565641329551705,-0.003053140813907577
46,1.1646336096562449,-0.0017895702500947798
47,-0.656857864040402,0.0265605607872079
48,-1.4903924090179217,0.020911171895841144
49,-1.050146540349542,-0.03648840512707086
50,-0.8866508867732708,0.005236983954188514
51,0.1159647779357258,-0.016738254318289444
52,1.394714972809077,0.015848470472813972
53,1.1473889725294795,-0.04031174264486987
54,-0.1411990817274244,-0.00016800932448695835
55,0.8860487156643151,-0.00877192834436464
56,0.3698816817529544,0.019505879697218585
57,0.0931404405849991,-0.01169319106664684
58,1.5245489073986875,0.0041076551537643
59,0.12819762873356447,0.003933346882440368
60,0.5811340636788852,-0.04488701395578887
61,-0.8038766452122421,-0.019005866226580428
62,0.43833521641774187,-0.04822380486435999
63,-0.6279590914469227,-0.028463818808547307
64,0.5482962865846246,-0.0053945930131227785
65,0.9934796070795406,0.025611023078371604
66,1.696490283982814,0.03623181946250688
67,-0.44372508799763977,-0.024080468722588205
68,1.3473068626208735,0.0028342735560970504
69,-0.15748739257522626,-0.01977745176613081
70,-1.001626478159364,-0.013651105815684898
71,0.8276117144972915,0.008483492813040405
72,0.7089134656671964,-0.00583781115474929
73,-0.6753388922967739,0.004735257252435314
74,-0.41462633773397267,0.013291384113762818
75,0.4572600904366054,-0.008049672689533589
76,0.5504422120877717,0.0017981236542919177
77,-1.0419393167799398,0.01038079715496596
78,-0.6984721489136491,-0.01248427517797971
79,-0.57622544603173,0.006878766502534369
80,2.0544976737696445,0.013477819853695021
81,-1.3491741365525165,0.009277744950936513
82,1.868324596329717,0.006884526832099363
83,-0.3187179431295573,-0.005133806836462715
84,1.502741807513733,0.01332659374654932
85,0.3542425278303476,-0.033531584040301377
86,-0.3150639460460772,-0.014012736904274237
87,1.0718518295761756,0.0009820525217928595
88,-0.30186410998712665,0.004835202020410691
89,-0.19147334229242818,-0.020167783574860917
90,-0.044916736744164736,-0.012296860893431018
91,0.5254264206811964,0.00452112086020038
92,0.8876540775241755,0.03646975328686311
93,0.9469397740327667,-0.005978018397839548
94,-0.05221417936102249,0.007442454366284466
95,-1.434121691458793,0.02403837492480526
96,0.034509999306296835,-0.03370086627835474
97,-1.5362934172721798,0.033284492218201074
98,-0.5285905345501003,0.017524938165687273
99,-0.6425322746355702,0.019629083418271333
100,0.5683436023469519,0.019246338922690388
101,0.556232722081639,0.01879375772977962
102,-0.1454265544473794,0.011214828706847486
103,-0.4154206056637892,-0.016150200648773937
104,-0.9159903547539264,-0.0022680757095548017
105,-0.4732236127266736,-0.006489878069414487
106,-0.048591223782377235,-0.006776711907391087
107,0.030758673334109005,0.0072098145622752595
108,-2.226839954774481,0.003147885124082461
109,1.0744579512088683,-0.016903298096083794
110,-0.5155725410583101,-0.011481553255053015
111,-0.6207371456250427,-0.0298752593198992
112,-0.4805444015251049,-0.006375063269924953
113,-0.23339752354302562,0.014420876306552869
114,-0.9126872237225487,-0.02096120123966055
115,-0.7642853462562221,-0.009878134624745363
116,-0.1796984337502539,-0.00594246926938434
117,1.3218976707250167,-0.0031491121199694622
118,-1.3851378161323271,0.011210030699732686
119,-0.043348858778047714,0.01049677301185044
120,1.0773486369259413,-0.0003909334603177184
121,-1.218245758326541,0.02078066784218191
122,-0.2683131539457343,-0.019830823965605014
123,-0.3844253169019356,-0.007436689671037316
124,-0.6823115966304971,-0.010447036602502385
125,-0.279127130573536,0.034083884487159405
126,-0.26855970972355003,0.019236874617063353
127,0.6987811128756589,-0.01753362705234894
128,-0.9299460804259659,0.021634437144105796
129,1.8080553481549901,-0.032163526015676534
130,-1.3797877467042021,-0.007683998404953518
131,-0.7934280307419379,-0.010071887255767078
132,1.1308634736811312,-0.030532368566949443
133,-0.2730011019124323,0.004407136587765049
134,0.1488834085205612,0.008424854242920762
135,0.7563684928229404,-0.028591207624681213
136,-0.16545431930075366,-0.006684504492449325
137,0.40909995639048025,0.013835344918092964
138,-1.0330594206937789,0.00760103879180519
139,-0.34614822182976546,-6.827757556905276e-06
140,-0.8127089255751738,-0.006641230070339392
141,-1.2709432293246676,-0.015961919749690186
142,1.6013627223856877,-0.006199480055457422
143,1.1567103332362447,-0.01145367247560239
144,-0.6062107140282111,0.0008563707037354418
145,-0.4283822389830497,0.01564551283377276
146,-0.9569184339235083,0.03230518157349847
147,0.06753426521413186,-0.04130442215757735
148,-0.47312402327700304,0.014941391500798271
149,-0.12028816066278111,-0.009102339840442697
150,-0.8370736747722466,-0.021163981060634544
151,-0.10471083651400862,-0.0235229699941715
152,-0.4882063725244228,0.0014747605129158854
153,1.0071153099628858,-0.017600417718620653
154,-0.4878612278174258,0.020188014356845172
155,-0.5238339165245081,-0.01502090132383966
156,-0.4565509237321933,0.009333459710068768
157,-1.7993168443405256,0.00618105710792408
158,0.6959858002159205,-0.004846118939388695
159,0.009514127807869227,-0.033215947218239325
160,-1.8615395897989482,0.005216674840298148
161,1.6584323219769426,0.018358915274618543
162,-0.41819229791645485,0.02764607776511437
163,-1.3145176683413795,-0.00445379131297435
164,0.5099497747743742,-0.0026058667234002885
165,-1.598541612376248,0.0021389751821978267
166,-0.7504585169542709,0.026122043620543843
167,0.42495505924622234,0.0010086521853102937
168,-0.05821125242796954,0.006416054157514958
169,-1.3665016374006715,0.023754878920099552
170,1.0079950345478883,-0.002402084814174297
171,0.8718879830879003,-0.021761726317671988
172,1.3207024409414438,-0.016767789028485646
173,0.6015319556068002,0.03393153171083855
174,0.9287446524482548,0.005197735730804214
175,0.8541683242163914,-0.010765230947127684
176,0.6789735687279215,0.004325625840470899
177,-0.14463688311285694,-0.006715178292902847
178,-0.44652311512171056,-0.0249000056067391
179,-0.22568541348630616,0.010770042956362073
180,1.5173895096609487,-0.015155857312301464
181,-0.2536516114021432,-0.01831375812234022
182,-0.7712628789774095,0.02691858086595364
183,-0.5564327821938033,0.009262241907627212
184,-0.416123848937369,-0.026655628831406653
185,-0.7648941532588207,-0.013306949142615501
186,-1.1803626878443059,0.0033172162219366314
187,0.5909496624986306,-0.011405809257297343
188,0.8664966961370468,0.01668462146209403
189,0.32616552524479986,0.011844235467607702
190,-1.126843694288734,0.013081350834752488
191,1.1746237793737233,-0.0007208670482473044
192,1.5259642394562354,-0.028335029231098256
193,0.9007867240386547,-0.0075484794702796836
194,-0.3646677318929413,-0.008849205983112174
195,-0.055977673200573674,-0.006234901234934185
196,-0.5416663519179014,0.00863207787549221
197,0.3879238427463857,-0.01771946327689656
198,-0.3270666249951123,0.014472742932905083
199,-0.5049930036621257,0.010851571023545436
200,-0.5004929574718334,0.0075599621311764715
201,0.5079417821886586,-0.002196067614726466
202,0.09643609519423724,0.003648772390760833
203,-0.48132652763994493,-0.0034219811960680938
204,0.12767526998294348,0.012212740829863514
205,0.028245451914947924,-0.013894571751233147
206,1.2737333759925915,0.005216277365378044
207,-1.0314973390704807,0.009939910609108458
208,-1.1276521933960404,0.004875450156873764
209,-0.9891275334043602,-0.02879902975331141
210,-1.4588783755847214,0.001505909478515359
211,-0.751237874489002,0.02187356883880711
212,1.1180981198071045,0.027559187732434567
213,0.4518032838785991,-0.019790938108408554
214,0.24226424080559772,0.0026104410311588826
215,-1.0547096487057717,0.020789414461613948
216,-0.5110374129152473,-0.009715524212489878
217,0.4640956039263856,0.022838926987501514
218,0.22794288746477287,0.015214981986298788
219,1.3338992693268987,-0.006280027311787721
220,1.868325530418586,0.015621028983134848
221,0.472436960768957,-0.02213381108435874
222,-1.6736186971558276,0.013472410984321717
223,1.422559063421957,0.0038552709937259393
224,1.2548534522919526,0.014010336403586962
225,0.4340742960081705,0.028664492599378595
226,0.0012024728052855843,-0.0035625840346062785
227,1.0111482611979872,-0.00966578218407992
228,-0.8346036680791045,-0.00013507686653275314
229,0.5901689979135156,-0.011427918302357336
230,-0.8114051073066736,0.006174057681074631
231,1.4006599286138335,-0.011468021112362886
232,1.3240186573062678,-0.04368308746233371
233,-0.7243942193740708,-0.014261965510252361
234,0.31559984201160046,-0.015945850039316246
235,0.38428951544045503,-0.008441414520005696
236,0.3250191174974785,-0.016000651238327626
237,-0.5730215378562594,0.017442714845429065
238,-0.20349213067117378,0.006934401616171844
239,0.1849762909644078,-0.004790934600443925
240,0.19229470868164766,0.015514747269390623
241,0.1069496243918884,-0.0040391440229813535
242,0.17086524728434394,0.017242698766941567
243,-0.06925441348484643,0.0035285176329483683
244,0.17313540968094393,0.008090965931616734
245,0.996637950534363,0.008582887877283646
246,0.37886351444351474,0.013851914115368482
247,0.44752449640544695,0.033926319365820475
248,1.2982067376706043,-0.019524179757325365
249,1.2455131662283803,-0.028466479059344102
250,-2.3322013044858068,-0.019670601686245032
251,0.6777397232502212,0.017281862516566646
252,0.2921438430603589,0.0033348037159580644
253,1.3227209158373894,0.007997329223302093
254,-0.8897438598860672,-0.03182453921374598
255,1.1864460056122401,0.0013376477001042046
256,0.2509170610776436,0.008777277576530379
257,0.16550275013346136,-0.008639056303157644
258,-0.31230338640691857,0.008030949780934358
259,-1.3995513587688708,-0.02305791534110313
260,-0.3103264948002317,-0.012222051969038087
261,-0.23262468307226528,-0.02027593946967681
262,-0.5015422892770042,0.005960587406702354
263,0.4966151741586683,-0.010819960488441428
264,0.48068275662215887,0.004258302921108822
265,-1.085815158457053,0.014898991959860969
266,-0.2879996966259782,0.019781504874386027
267,-0.2686157248818818,-0.031076361639965223
268,-0.0629106615327586,0.015051524637407707
269,-0.8409890575388629,0.007406453761351043
270,-0.26896432881718046,0.006773883216643027
271,-3.268006631824438,0.010476837745414781
272,-0.891032638629288,9.340586128893467e-05
273,-0.23625137502725582,-0.017481682448548322
274,-1.3087431920953576,-0.013009263566038537
275,0.394159415323202,-0.002059744755316375
276,-0.8703304397840486,0.001669801436212261
277,-0.865846210251772,-0.006907446140276504
278,-0.1877522801658298,0.002525580882291327
279,1.1316510666471284,0.007507455571579766
280,0.04404317472465474,0.017770043936824402
281,-0.8828844043100739,-0.03873512177744426
282,0.510668569713089,-0.041623606558938264
283,0.6516423876977099,-0.027985846094584366
284,1.7373661276421273,0.012002955025354405
285,1.9545741482365893,-0.015764024883805877
286,0.9410408893402082,-0.011299868056697294
287,-1.0578609198975057,-0.004177678351608623
288,0.05102832402384572,0.021628629888143885
289,0.675431810918344,-0.027411879028280264
290,0.4286016381420677,0.013254104775763787
291,0.4473257644861734,-0.003179209816753281
292,-0.45025727657813736,0.002443705940009728
293,1.9195664997278634,-0.012299606545353933
294,-0.797733066857562,0.029634328924654542
295,-1.0900403581071474,-0.014850412138444407
296,1.3087126830484745,0.01221112202461434
297,-0.420317079169519,-0.014105688442504897
298,-0.6168651354725744,0.018480721262723612
299,-1.0224430141315324,0.025346603561271663
300,-0.12135692804437434,0.011999069247032602
301,-1.9581738939490085,0.015352325831707439
302,-0.45180217458956895,0.014954493271452787
303,0.4842954814466788,0.01835814214518323
304,-0.6803163840947122,-0.033444450217630234
305,1.047939370966978,0.02209921199561008
306,1.0158324836725865,-0.006850683882955773
307,0.2726763314894075,-0.014637456322167086
308,-0.16407065785382785,0.0005949629927419233
309,0.15067578731956321,0.008995967086332999
310,-1.4785158336147126,-0.011436219874244289
311,0.8786123042950541,-0.02624758821544792
312,-0.1303210920321345,-0.01946533562366892
313,0.6303709578510948,0.0043656332132113625
314,-0.8370377260024398,-0.022416074365945202
315,-0.4767670684321895,0.006136698134555178
316,0.6913306083915907,-0.04913592515273758
317,1.262280390000511,0.01092400843385118
318,0.7463582500158008,-0.021059166543975695
319,-0.936379992422359,-0.008311428979915958
320,-1.047441456193152,0.011679562517407873
321,-1.2573726187494814,0.034940888109925766
322,-0.6901072899019366,0.02527162010724674
323,0.5955785662194178,-0.0036164202486911766
324,1.0792511088328487,-0.024439499397267327
325,0.07214855407949272,-0.00671482584025631
326,-1.185564832418743,-0.01496924938663076
327,0.6246784108771598,-0.015013524163525735
328,-0.20692298306568402,0.04309262864032877
329,1.0883265041707166,-0.0013043842373011774
330,0.6463806662152228,0.01638732360374518
331,-0.6875471716170785,-0.0214973004868641
332,0.18335351334426173,-0.015262469289042022
333,0.9678398417367025,-0.000981116423686694
334,0.649225696327203,-0.016413007977225967
335,-0.40677758279536513,0.01720609067420817
336,1.7473735468830434,-0.02561243127783149
337,0.3127988662537373,0.02177882732984593
338,0.8729451069565247,0.016252848020974608
339,1.3701826939420712,-0.01289755696746828
340,0.46035382530104324,-0.03453143825352855
341,-0.43077769738289945,-0.016738730187343176
342,0.5095989322940381,0.012970258370769594
343,1.9317733444776668,-0.004140107665789409
344,0.6220122646351103,-0.009995896015358562
345,0.4004087207717738,0.0019273786322949703
346,-0.4133990317979075,0.01274944407920801
347,-0.6512137785039491,-0.0009458658424798816
348,0.4123555455360588,-0.021333440526327928
349,-0.23630120560034695,0.04507293758693968
350,0.20284984138063322,-0.027153237929847546
351,-2.0984869857474315,0.007763066284313299
352,0.4370157514827308,0.003475856076574871
353,0.26423722486176077,0.017703903794693564
354,-0.6797225223330792,0.02484779769423083
355,-0.6568751930920851,-0.016790614549560913
356,0.4057875345861998,0.0072394231125697
357,0.04000735096741759,0.004386725089713102
358,-1.2240558386694274,0.008999243565829255
359,-0.10655775312094445,-0.031008170558008134
360,-0.9817612235448312,0.03892488714005407
361,-0.9549971658574761,-0.0016281871128210317
362,0.16889243442044966,0.0016426473376786061
363,-0.04210724920540074,0.0003111900758328255
364,-0.23140352506436115,-0.02278627782691411
365,-1.3870079972081757,0.02097163200131171
366,-0.599779785121376,0.025331048516371545
367,0.13794103372025635,-0.011654884099630596
368,-1.5454290571736173,0.005167293773478682
369,0.658896837727965,0.021743880756134266
370,0.20861368617338372,-0.0008532175234382024
371,1.3628703535604207,0.03424381818454672
372,-1.8001775339698338,-0.019718758618619252
373,0.5418259034543533,0.02251015745110846
374,0.20729210352521948,0.000662903621646586
375,-0.34750273596843745,-0.032946258997892705
376,-1.1227249222412163,0.0077150480256487144
377,0.982956188828389,-0.00605214787836349
378,-1.1721920226957658,-0.025075154618004282
379,-0.1340381966479388,-0.010461226055993249
380,0.22655816123657374,-0.030151709762139926
381,-1.223963772486555,0.0015416410983922898
382,-0.41323951430127526,-0.02815976336479503
383,-1.1507820289741844,0.026602816376066027
384,-0.23671022311353962,0.019563743309799597
385,0.07891817858436379,-0.011477446058975192
386,1.2515515188098076,-0.013107266502024206
387,0.46247074754005024,0.019464476529611422
388,1.8828517060467038,-0.0035024741602743313
389,-0.5723648788609401,0.00957284341951967
390,-0.031535705990148655,-0.020923020474375442
391,0.6682447609305419,0.0064319208169789765
392,0.3779823361973877,0.011005915996897129
393,-0.26531741459184405,-0.005776020327664068
394,0.646229553322924,0.013240647113389684
395,0.6016563299045152,0.003960693069528504
396,-0.5829927141798144,0.023382093939265956
397,1.3458352564472855,0.006700782722859237
398,-0.5561130968214762,0.0010045875497953702
399,-0.5202198641698512,0.00680409054174501
400,0.30512398948560304,0.014411544347130423
401,-0.8985083632743234,-0.014287850962970909
402,-0.6867674181294364,0.00835454948878349
403,0.18828453276088397,-3.0355839876825344e-05
404,-1.0979052117320987,0.018557206963899314
405,-0.3268690146823486,0.002425509336681555
406,-0.1966184364815195,-0.011715985719980601
407,-1.3337691612769436,0.009601362140826505
408,-0.765165337285231,-0.010251930113641918
409,0.3857703221141058,-0.01725232159792083
410,-1.1484743766291143,0.002116173014795707
411,1.4448999108689529,0.004932322193787019
412,0.8876711327613549,-0.013421050153282913
413,2.2018338967575657,-0.035870285796839166
414,1.6993369645704042,-0.0023953451407531558
415,0.8242532312616591,0.020909164098229512
416,-0.4643192761480414,-0.004550899102032017
417,-0.22057759281135264,0.01030644122671619
418,1.104856448930398,0.001587949506209683
419,-0.1675466163823141,-0.01252678207934103
420,-1.1065888528564813,0.002199488614979784
421,-0.3826531807783006,0.004841170463109442
422,1.8213899555314024,0.01121957219377193
423,0.09021936133446792,-0.009345467957626755
424,-0.08196013227101029,0.0109037882921413
425,0.04485139572347496,0.017205222167364805
426,0.12722072099912585,-0.021192751782133923
427,0.39940846061063684,-0.016420957519171928
428,0.8454728495921008,-0.012571314397461456
429,0.0869507265516683,-0.004267188540079709
430,-0.13197589006082547,-0.0066600029692578866
431,-0.7823501988222048,-0.03178985662849233
432,-1.5050049619711694,0.006527347075021568
433,0.7702061431186482,0.010230460454146965
434,0.5342631725244481,-0.03166126401209391
435,-1.115585389989647,-0.013450424571641919
436,-0.5052875362445804,0.008260013027965417
437,-1.2404376780148783,-0.007834876889918876
438,-0.11745347848614043,-0.0018458302219760531
439,1.4038038795990508,0.014382610569383517
440,-0.027212945140152822,0.017967019156373963
441,-0.26310469471544057,0.012855487358843933
442,-1.2780025744546868,-0.017988013518261216
443,2.0414824880730484,-0.008182580253982677
444,2.3001033785440947,-0.009881054697154553
445,-0.637596680101067,0.022224365099584812
446,-1.0143146332923672,0.014924683391683157
447,1.3564215885247304,-0.0023864592336512724
448,-0.6306688496395911,0.012305848839451263
449,-1.9493954670419062,0.008897677898674766
450,0.28821451319436375,0.0036126082187743747
451,0.20629309161125597,-0.020171454389877243
452,0.6357431785463554,-0.045986247526687646
453,-0.13815882568179072,0.01372398248320672
454,-0.5807346719584273,-0.012818744513973166
455,0.8031874518107457,-0.022436935889128873
456,0.09159239817593538,0.03508804709946554
457,-0.8834117580321916,-0.020654746707084254
458,0.005916505648967563,0.03664730051110296
459,0.8320096769322896,-0.033888734268233814
460,0.2145876889006969,0.03988446737951229
461,-1.1246208757525609,-0.016354176900183037
462,-2.37072938656761,0.009046489052245376
463,0.17911164542961938,-0.030582465068155363
464,-0.5152949182035583,0.005600045491037817
465,-0.7186183765207719,0.026805585980440888
466,0.5832591778314697,-0.011628732767504642
467,1.212047155148107,-0.030956266029183242
468,0.19215006445685534,-0.01823111636988983
469,0.8505259548498745,0.0012445416490529811
470,0.2938919805419441,-0.0006247794753849317
471,0.6323387192250403,0.01900237624993575
472,1.1092689729774126,-0.029409371736045197
473,0.3898517747507883,-0.019387186696548618
474,0.7221324993633331,0.008372550730854581
475,-0.8646631746490705,0.00038539461594910493
476,-0.7190998680597623,0.006511288642515336
477,-0.2657512464583026,-0.008520821338541233
478,-0.9306802430879654,0.010924859223594761
479,-0.4257473811165389,-0.014539004595862024
480,-0.27803561382711456,-0.0003972079734242953
481,0.3855144905199784,0.017864770146483723
482,-1.4593624451761922,-0.0009802078411944876
483,-0.21938771998427664,0.015715660700605656
484,0.07292419435506997,-0.011802944735819606
485,-0.2540802950248409,0.014056508924235264
486,0.04433242222330602,-0.006067063712613129
487,-1.2669178273430044,0.028441886299078484
488,-0.6906141202557514,-0.015718035809658377
489,0.7400536824872548,0.02620685917678095
490,-1.224666296272967,0.00025263017453855223
491,-1.306417393367317,0.017150474584852148
492,0.68750993369992,-0.026258663486134377
493,-0.08576511789046495,0.012831263640238533
494,1.5445122056730718,-0.032201763013835635
495,1.1325372498641761,-0.003500104427057064
496,1.3388157233643183,-0.027168228613104556
497,-1.3227125808958196,-0.025472582702539555
498,-0.46256403823763803,0.044644125627022774
499,-0.6173468488890435,0.02226198433817275
500,-0.9174404589595324,-0.0028787600397567822
501,-0.35187951232273423,-0.011428146678318474
502,-0.8821998237556041,0.005017097249670521
503,-1.1993927989782844,-0.03368153612032668
504,-0.3943916007500931,0.0021761603910238373
505,-0.5186280347848683,-0.006624544014630914
506,0.41516887505957933,-0.0249484423551025
507,-0.5951147185753978,-0.041806360016596454
508,-0.03842502677686968,0.008904196232906836
509,-0.8197071877643218,0.02199284398313041
510,1.818653005453942,-0.007484994070118026
511,0.30022085045733626,-0.006113574293386821
512,0.7816165457311717,-0.028946662477475703
513,1.1693077576231286,-0.014370754791700795
514,1.017571874197323,-0.01734492465757143
515,-1.100408573907055,-0.024136213330094875
516,-1.7242727714545127,0.00871744876355722
517,-0.25474427794212373,-0.0025224602446226705
518,1.336442576842127,0.0025223039292234656
519,-1.4823782723955061,0.01992979339685308
520,-0.26523930320791805,-0.031146325031236183
521,-0.18371415849750328,0.016820800608460595
522,-0.6219350881328899,-0.022249542427215458
523,1.4313521351787173,0.0008801830200396415
524,0.47869825815703443,0.015994786436849567
525,0.41953648225670087,0.012175098460698109
526,0.17754640358216373,0.00825833658218342
527,1.2721528838821201,-0.012626033024821334
528,0.12349629903333137,0.033333784273012465
529,-0.7476039534499652,-0.0142103801058959
530,-0.45331251709547105,0.020305750633190168
531,1.89630854263727,0.003881127678473661
532,0.4581170561647955,-0.01231084144828833
533,0.28857376519150424,-0.0024203417144736936
534,-1.0345265176849292,-0.023086740538752554
535,-1.0056132036383176,-0.023246674959642197
536,-0.9360751162216419,0.027174131895278994
537,0.38550531067123683,0.01448204982137014
538,-1.8215281439349618,-0.017426034363002316
539,-1.2607894183656922,0.0056616510528693246
540,-0.6247216852207464,0.010784744594240264
541,-0.7244935363566468,-0.008606949791053066
542,0.8320873128628986,0.018884690337688147
543,-0.2853587937033022,0.004092735236801323
544,0.2752223812824317,-0.015881165278230743
545,1.098064091433181,0.005459305702729496
546,0.6879503121546282,-0.005826066701006374
547,1.4788037987752913,-0.01429446000455829
548,-1.6103098253138193,0.0043153839359840775
549,0.05129953210304533,-0.011646330830046018
550,-0.5144338644440458,0.020065988197616885
551,-0.40735598420705055,0.02042004811626339
552,0.3101527833988248,0.007081001657135317
553,0.3660696114174463,0.002680998601412632
554,1.9833593122173006,-0.02126983021220927
555,-0.024409125542472515,-0.014535460915702838
556,0.8762971899081813,0.01454189256703504
557,0.6310955133543932,-0.004671974292133912
558,-2.1154440014870453,0.02393239061034709
559,1.215884651492419,-0.0022305170361702625
560,0.8741746566313663,-0.014942744538388581
561,-0.09736275015296227,0.006365327040846436
562,1.1170347910496403,-0.020232623141740368
563,0.4989977527581312,0.012660287580149103
564,-0.4310049366444886,-0.017598700430571528
565,0.5335586715224042,-0.010000410510684617
566,-1.2127713109092337,2.5797446285482674e-05
567,-1.0493901819405855,-0.029617828811340244
568,-1.072095875915223,-0.014543686270968473
569,-0.4507504219359579,-0.008420225216858868
570,-0.29156329896970834,-0.0038749836241796856
571,-1.6032121306214233,-0.01222142822944004
572,0.14190765213171444,-0.007567991767870289
573,1.1664790315666056,-0.008482452230308352
574,-0.8764770789297405,-0.009116709045331664
575,0.9481437596352114,-0.007043912406364459
576,-0.09026368724381797,0.0006831719900436792
577,1.4197768837999387,0.027710862249607927
578,-1.227255727335948,0.015468408902724377
579,0.6532335647619721,0.0022097069378286156
580,-1.2875771785970804,-0.0028771371925704657
581,-1.9166211418427102,0.011374217637942085
582,0.7470853227530592,0.004777511760482705
583,1.1375056611752323,-0.0021443133020112052
584,0.4819384969026931,-0.00954819069528318
585,-0.5016104271833052,-0.002438005442348502
586,-0.33833218116660574,-0.029316370429038896
587,-0.7123174515120191,-0.00016113068478401053
588,-0.2614118197516681,-0.0014177047475200655
589,-1.1378687657131739,0.017469074676385442
590,1.2932278315794814,-0.008723854097272658
591,0.4122900269469481,-0.02321154160090077
592,-2.190604280229455,0.011514619463547277
593,-0.5943648766626028,0.00422728408895288
594,-0.5188259792714424,-0.004755330514407935
595,0.2580047047637282,0.01787207062347836
596,0.014547530220670624,-0.00889920241911509
597,-0.15043059813897944,0.013416138649059701
598,-0.1400378459406196,-0.012055706568993345
599,1.4751715993209875,0.003194054146370255
600,0.06299950340464686,-0.006315646639658534
601,-1.8096363710712216,-0.008149374415518367
602,-1.8335941344440607,0.013429438790506969
603,0.962563399306531,-0.032927140384788924
604,0.2941663824615512,-0.02088723808912612
605,-0.1758946627584902,0.027202539220223913
606,-2.5858310671505986,-0.021523022884637984
607,-0.17369582597293715,-0.008131133570768619
608,-0.14549719823360896,0.01562563280492479
609,0.8343323256221065,-0.0009712994654941954
610,-0.8795563062876265,0.008081305200755035
611,0.16468119866907382,-0.0038058410680146108
612,1.5845088540388448,-0.062344072633599326
613,-0.032440031386564816,0.027343079638188942
614,0.4869301594092309,-0.002138547848439575
615,0.47248042013140124,-0.007410561792879213
616,0.35556976838681703,-0.00459287990609354
617,0.6652512688945805,-0.020966572429606582
618,1.696858667875199,-0.03992619438529314
619,0.9764003401594583,0.03841844610566308
620,0.48730302062805325,0.018157060258847585
621,0.13430551226228715,0.014103003348002636
622,0.33665353987813296,0.03807831197569968
623,0.3615957497622377,0.007873933837396912
624,-0.6327071761023795,0.008625378467997066
625,-1.8449218041201987,-0.01285810559330422
626,1.0123254216208997,-0.0297220622206193
627,-1.6106154374261088,-0.0037229544138856
628,-0.24372227098457677,-0.010672707128692904
629,-0.11903484816852716,-0.0162858207886301
630,-0.9810444868830767,-0.007400346004209088
631,-0.13991109947907843,0.010839816208126823
632,-0.6263945870022936,0.0005482490340526693
633,0.4102831194172303,-0.017078159014691598
634,-0.5482538316613632,-0.004372634565671087
635,0.3657837765979066,-0.044061119863876494
636,-1.6065668967505875,-0.024293987042358845
637,0.6537392452613284,-0.007987795803764184
638,-0.9424220456550616,0.004518566945447989
639,0.3241717109573352,0.004766097555253604
640,-0.029998848071844997,-0.0006606533978521581
641,-0.18243321524426087,-0.011709133394387951
642,0.19044873681724184,-0.024193930191123855
643,-1.3717781229126627,0.023853965836779182
644,-0.6496833704627452,0.029374826186511528
645,0.7099529516754649,-0.0018970006516852368
646,1.0242634144603013,0.012004375245636162
647,0.8297187068514909,0.003299940295562246
648,-0.615055032904886,0.023598494814440398
649,-0.47321546994783226,0.010683265655685314
650,-1.1418298440445642,-0.002224932915059541
651,0.4779445371261853,0.01066078393391631
652,1.1419232073370014,0.008049676085659263
653,-1.7150835297581168,0.024314828304041268
654,0.3767777756279641,-0.0033647743417977456
655,-0.6949030131862357,0.009289345986903976
656,1.1195558402130916,0.016231166503892894
657,-0.8329753871942471,0.0054278023582649305
658,-1.1131530682367308,0.016578702962451345
659,1.091196618380561,0.028473616371956636
660,0.3985468935005852,-0.028054724111043924
661,2.096873932078289,0.02351565295965507
662,-0.5462582776494593,-0.024593478704529093
663,0.062379663011588204,-0.021398508023647768
664,-0.980917326374297,0.0009670987302412561
665,0.3368615070494554,0.021427190108006693
666,0.7808915465798791,-0.01472013139490145
667,-1.3295988773451894,0.009249020799043267
668,-0.09014267836855688,-0.013199832810344082
669,0.12963440867130555,0.0009847463804594264
670,1.0398509557049291,-0.022939926681354344
671,0.46014199925676746,-0.01285119060576382
672,0.6763465660155126,-0.001348961257893466
673,-0.6410027040166407,-0.005054516002661645
674,-0.8407548739550146,-0.015047605735193014
675,-2.2005179417327208,-0.015905311203723505
676,-0.803017479772411,0.004225308354719319
677,0.30466123695019093,0.0062539574408854316
678,1.042213084110895,0.024995433927748494
679,0.894742206036409,0.021271877336668334
680,0.877709931363722,0.022602220892310468
681,-1.5023148312768924,0.016024544841440603
682,0.8423847260182314,-0.01587493959190186
683,0.4872170709371509,-0.023332024381731327
684,0.2774844912032498,0.01973741713842149
685,0.2722173266318478,-0.03316424616583561
686,-0.7376474681035052,-0.027210946710489035
687,0.10189948426352431,0.0125958734788694
688,0.32123623829113823,-0.019660481328041927
689,0.36347976996138054,-0.007290972182506293
690,0.5984699731798987,-0.027836899274536135
691,-0.3253863055302092,-0.017510844545143955
692,-0.07452549556406454,0.01173298004099026
693,-0.6868777921906932,0.014065109950271968
694,1.3478225333804987,-0.044183326872771406
695,-0.47019018490582315,-0.01873820634010459
696,-0.18068516231192122,0.003986256112146547
697,1.2760612175474324,-0.014504464648842301
698,0.5617344566060276,0.011311694640827721
699,-0.06330791488864787,0.02553132701037112
700,-0.020538506899083153,-0.015846009258489425
701,0.23336800598040636,0.029567981130962994
702,-0.06572470296796509,0.012188675954887944
703,0.00979208569649992,0.018920341426058872
704,-0.009116928340736713,-0.0015897266218694245
705,1.6317660367834743,0.024539666065373954
706,-1.583509498998904,0.0076217502395403945
707,0.004267269958824593,-0.024391464150747742
708,-0.6630785917426169,0.008860185924363044
709,-0.8426212259056354,0.01583069013985207
710,-0.097144574964451,0.008509763361158251
711,-1.118344510073003,0.021098483224593043
712,0.09852272674829077,0.004131436223464404
713,-0.6577394056720002,0.0038998599398700397
714,-0.851778103847558,-0.011974116891492163
715,0.1772533598977668,0.00846962478272403
716,0.12072284310827885,-0.022575125865170187
717,-0.36310993865930963,0.013575785850662924
718,0.8509843797760276,-0.03873724864962566
719,0.13220235092471866,-0.031356075334230404
720,-0.25880812318330776,0.03964091579689556
721,-0.7731178663078802,-0.00882770156453596
722,-0.8133967839068068,-0.028584840758603132
723,-0.5940228708743678,0.02082492895030262
724,-0.123481367956925,0.02365647073569719
725,0.6229224029653011,-0.016344887350080002
726,0.5438044042909824,0.028325371370636575
727,-0.33133875985259303,-0.011360886286377256
728,-0.47114379930319455,0.006247683158574476
729,0.3882826033538649,0.037329157956956245
730,-0.5589534183115272,0.0056476897763508465
731,-0.39984141565960746,0.012752779414654771
732,0.3586965469622633,-0.015034650101935982
733,0.6056461132505551,-0.00582063100835742
734,-1.3173404854779005,0.01910342862242256
735,-0.8959593190064197,0.004649532788096304
736,-1.2256306861879236,0.019010847453657772
737,-1.2372002481494468,-0.02440112659269667
738,-1.493121047788288,0.003983782926559876
739,-1.2727534545708656,0.005320094167615851
740,0.5950328155627418,-0.008749762244550444
741,1.0210955561919222,-0.00115598148212398
742,-1.0948635579297221,-0.02640935872782164
743,-0.1873130549788058,0.021022816434271147
744,-1.1715923249457634,0.013576840394726702
745,-1.4885569536280727,0.008413046599587894
746,0.16263493763354347,0.0011807673431929473
747,-0.06676626478683034,0.027852226179782877
748,-0.1633885608251249,-0.0228788051339211
749,-0.08180769917315375,-0.018912429596696263
750,1.1084839564533993,0.01933110430355322
751,1.1245594543762811,-0.016365956688726938
752,0.8122939002919904,-0.014719463364668374
753,0.5923107877551956,-0.004501187438646026
754,-0.7393163496346102,0.0018114436402687992
755,1.100093125132096,-0.027077939447155266
756,1.2502724316558704,0.020009935651000597
757,-0.44951403884823304,0.027755759801650084
758,-0.024092318077616887,0.018118505671829974
759,-2.243168842699937,-0.017214320479992166
760,-1.128096649867145,0.013973063795305506
761,-0.5914528705306857,0.001301409525741773
762,1.2330852299043038,-0.028428639959753435
763,-0.9043375706361925,-0.004800571207983478
764,0.36854719172607,-0.00208982391069747
765,-0.4892348702218437,-0.0225887849581149
766,-1.0069264381572793,0.009720674389117622
767,0.551606178095738,-0.005637671113360622
768,0.5105591850164459,0.008387178141236603
769,-0.07892199099714298,-0.022952028343989784
770,-0.7393182792113825,0.027498466141950968
771,-0.30207519648749515,0.0007207973069574569
772,0.6268855701114566,0.004137545229293017
773,-0.7162239137849011,0.007956457968845022
774,0.37729884992411394,0.003803482259420392
775,-0.2760613572672094,-0.02142311632091496
776,-1.3180309755442008,-0.017934197211292285
777,1.4399053817318506,0.011461126189559712
778,-1.010337574274959,4.779886205312153e-05
779,0.9117698892917934,-0.022670680137099324
780,-0.40878863297483814,-0.015718555539841306
781,-1.1363441147550422,-0.0028355685294654417
782,1.5373751871465091,0.0018458710811604054
783,1.1574358158638063,0.013291687084347636
784,1.1352067680396072,0.0012209514360573513
785,0.24778051634181797,0.008895850021147391
786,-0.5029626344936546,0.00013475378402199277
787,-0.49321553949263247,-0.011474799974591568
788,0.2875234228775148,-0.028455696466433016
789,-1.3431469735938228,0.011699492132125032
790,-1.6184574997087242,0.01564839677505941
791,0.35981567236770384,0.017397130454842855
792,0.09871353225877721,-0.014522585717918403
793,-0.7646248804905117,0.011596187446236616
794,1.244616513121942,-0.02135962081388517
795,-0.1952982085109125,0.020495872917723406
796,-1.7944711243582168,-0.0010976905026579093
797,1.223704205679483,-0.011004399427984753
798,0.2843346578549878,0.010932973945581405
799,-1.1828234710092789,0.014722724384525411
800,-0.5920006834664591,0.014602757796985326
801,0.6097523339598815,-0.009567352850928254
802,0.2079903278885586,-0.010224494660353915
803,-0.3505879906503407,-0.0034102969191213573
804,-0.5638184272636081,0.01060587541430029
805,-0.8263330203101444,0.012071187515120974
806,-0.5484106205054103,-0.015775292792303396
807,-0.6729541267452541,0.013073074660217272
808,1.2849419035910192,0.018636878277652466
809,-0.7775595086957408,0.012241953997716408
810,-0.1781845533423948,-0.003539692825673473
811,-0.5524431395919739,-0.0191200161044468
812,1.7044971081921707,-0.01706609770843637
813,-1.2034327578069965,-0.010900150232655878
814,0.7605433046422589,0.00579638391939758
815,0.6449317654409945,-0.019961298057943437
816,-0.4363709153687628,-0.003947494765784305
817,-0.619957122591977,0.03327205734476385
818,0.3222848951287541,-0.004995553097816228
819,-0.7005881260998751,0.011440552734371955
820,0.601628233763058,0.0029398138461308883
821,-0.6367720048117055,-0.021259289700269274
822,0.5488493046532882,-0.016578099299503657
823,0.9974084021758456,-0.015022791876789052
824,-0.17462807491874488,0.013214222336839759
825,-0.3895756307805225,0.016902658784206243
826,0.5829084825104884,0.0004105952964912358
827,0.4541676089494908,-0.017743882920101636
828,0.7526076858515769,-0.0008096177406571158
829,-0.5680832919896388,0.015623499684981177
830,0.265328331119847,-0.010803882662804944
831,0.0808211485051669,0.015354977088221302
832,0.7934881113359364,-0.021991486367018108
833,0.3968598183725603,0.016774311849062792
834,-0.7958460654202693,-0.005284244550584696
835,-1.0230806578589489,0.022208281601582988
836,-0.4341176562681465,-0.005836829213743816
837,-1.0224546015670026,-0.00596089498269081
838,-0.33670962810881205,-0.011216011161395584
839,-0.5181174896412235,-0.0060857504349929375
840,-0.10709646761625002,0.029601652591009504
841,1.7933315762774809,-0.01704979535960654
842,-0.8658989525717591,0.014672936885364623
843,-0.6422192103718437,-0.0011808075041443685
844,0.9739048547117555,-0.012912366696252606
845,1.361352576930878,-0.035297179121593775
846,0.7323259473457433,0.027056883685280607
847,-0.4392851207089783,-0.01390069439152932
848,-1.5562814307978279,0.038509695098293974
849,-0.9353563996718021,-0.016120588297593826
850,-0.0585688334573464,-0.024737429546843312
851,0.7487323952561808,-0.02299734417081052
852,-0.30114423430730375,0.01777816461057414
853,1.4818806530810584,-0.005789302996733128
854,1.195822851827618,0.0035721530985496934
855,0.9540101765806412,-0.011431726055848542
856,-0.7197998155998323,0.0029921317346901914
857,-1.3617271707818253,0.005924814631659779
858,0.090903193633739,0.004706261415685049
859,0.008638520700739019,0.0033826342823530713
860,-1.1828194657874094,0.0020619259279336007
861,-0.9630211016539576,-0.020469753130667796
862,-0.6925382820284388,-0.013910335481814553
863,0.3311668491753931,0.02819485677352041
864,-0.5910727271732662,-0.014586633419285813
865,1.0515952085744342,-0.04024821534927561
866,-0.1717756266506716,0.021245179785611412
867,0.37946637661818106,-0.0402476320665933
868,1.0610523076882892,-0.0039023971936158657
869,1.3410904338855338,0.03395626717334522
870,-1.8529733592024715,0.026181850659925374
871,-0.4900020567022302,0.020713468284544505
872,-0.3700878123249166,-0.014303768508025347
873,0.19569242284101387,-0.04806822093636937
874,-0.35701033183919073,-0.018348027037298476
875,0.08723268146738958,-0.026194612368853676
876,-1.3563647087210353,0.0051304944173785495
877,0.5833617781053493,0.025305270357808638
878,0.524364408903646,-0.017800819496315658
879,1.0647972344556913,-0.022651291108446273
880,0.9861733029579055,0.009332269994760035
881,0.25416937197552714,0.0029905109381419444
882,-0.18151484700133952,0.0011097497858970108
883,1.2860609151798506,-0.003443157614617838
884,0.36010732975549453,-0.005234799842233962
885,-0.014443132659744284,0.014472855028939783
886,-1.265562286219787,-0.005750263537439541
887,-0.6083981218265415,0.012022721947323626
888,-0.06430540670324725,-0.02302420117938209
889,0.6517200147251335,0.023907177589466935
890,0.6572888368791967,-0.026232289833059485
891,-0.03358230696510758,-0.01557976687507362
892,-0.14599061392541002,-0.004343431466736909
893,1.6390298007878175,-0.004046317734731481
894,1.6495067018495746,-0.027479060215579828
895,-0.4437137376442562,0.004014559342849712
896,0.5456581407592334,-0.029727950437920148
897,-1.6365579979182425,0.019887398761780604
898,-0.07167602097859865,-0.02537233872669641
899,-1.6623122757985291,0.027140197364183986
900,-1.4940938872965965,0.014566674696329194
901,-0.1956973669420125,-0.0005394929352124022
902,-0.3856260219830277,-0.009300821728792291
903,-0.5739110402397802,0.011243302053281105
904,0.18652991029700677,-0.011913313444947095
905,-0.744210209479916,-0.010572314163874066
906,-1.778386866959765,0.018320562962175116
907,0.4440780620356588,-0.03808806016333474
908,-0.08556384748423938,-0.005522734237662611
909,0.678509010542017,0.013172442966314889
910,0.36150239501676346,-0.022937829257502897
911,0.21697643713949116,0.0236789337472663
912,0.14612261805649962,0.012581874877174486
913,-0.22956761060840017,-0.01470463471472823
914,1.3162752536854758,-0.022771319720385094
915,0.22043764731015986,-0.00943054654363849
916,1.0622865515823323,0.004208711090966576
917,1.054550560697139,0.006911897251407594
918,-1.3626389695347367,-0.004768953710835876
919,-0.32173774118157317,-0.02334333080725583
920,-0.5684962014560699,0.013381703316739801
921,-0.9828518448099498,-0.013890033253656203
922,-0.3617474235844169,-0.013881835198185581
923,-2.268665148905026,-0.02304479356086476
924,-1.6358587742927169,-0.023252840863464918
925,-0.25796386132599175,-0.015480419720305966
926,-0.24438891731667733,-0.021544460444536145
927,-0.5365831345392842,0.0294193267866616
928,0.09485287637194079,0.024093413211296356
929,1.2332623195760815,-0.0083939876008797
930,-1.199827886907947,0.023163150189560958
931,0.43128842936258066,-0.02599015231664186
932,-0.2340667067232901,-0.034979673028921604
933,-0.7262851913201164,-0.015454397309175498
934,0.6770779869991226,0.00025976418192595607
935,-0.07946516387269636,0.007162496595062224
936,-0.39521365834814765,-0.018360001719339773
937,0.5734594148208553,0.022772686279799177
938,-0.22714142928795988,0.010921464269234514
939,0.7858376141194545,-0.005580092709089622
940,0.4237182015722142,-0.01803196110092707
941,1.075729009862938,0.0380936731247426
942,-0.07690693510326896,-0.024525385582287004
943,-0.05078213143676924,-0.010072562734143316
944,0.1875397131490284,0.025241085697057946
945,1.0318132227077768,-0.02133340700202728
946,-0.55876099319614,0.025580420218285924
947,-0.031211132110273154,0.015477652989080512
948,-0.9721004541090175,-0.03297755104388756
949,0.7418796107627441,-0.024870198536596624
950,-0.4425503144321393,0.008025394922390126
951,0.4092443629853818,-0.021290161986410486
952,-0.013646760629905398,0.021260149819389867
953,-0.9888509951552885,-0.003406814429611044
954,-0.12051487857035925,0.01630576110957924
955,1.365011521287803,-0.01611232783823001
956,-0.2924970008073418,0.01896399826117173
957,-0.42777659444578525,-0.002027454143798474
958,-0.036209126229022226,-0.030623129930635266
959,1.0503617529594003,-0.013567578600672172
960,1.6708510663827822,0.01593644124230926
961,0.4038296599235599,-0.0027923237400520025
962,-0.8547314773247672,-0.00719038778650209
963,0.6299492145481584,-0.008110011316551698
964,0.29678116019458517,-0.011390565651281432
965,0.3622252281281839,0.001997401177953761
966,-1.3096274236453938,0.0005214689875491362
967,-0.7672554550652178,-0.004127612650887405
968,1.6451888368580356,0.0010668170362468747
969,0.5059611554574199,0.0053941252900883575
970,-0.6653306637132006,0.017557092253754875
971,0.408799241201833,-0.01207785131326076
972,-0.04818772101549379,0.00742350414851509
973,0.3255720248174113,0.0034853759719505927
974,1.1339798454494086,-0.0070206872869155
975,-0.290793578843221,-0.011044678284018457
976,-1.8252850656729809,0.021440834043961524
977,-0.29103949278241087,-0.026025418169602958
978,0.4824094025032879,0.00662751647047913
979,-0.39784818370461017,0.0037541869480125396
980,0.21589537241663032,-0.0010634668667114143
981,0.6526849187555257,0.013412522006914472
982,-0.03803709567827113,-0.0271224610551486
983,1.019435799934273,-0.008293692761034265
984,0.3092822052458315,0.03089459741230902
985,1.4721446920419219,0.026627397693417335
986,0.785127467280912,-0.024039497222038707
987,-0.7585275343539619,-0.012064973745450715
988,-0.19962376433286305,0.004819468297342222
989,0.860933524136895,-0.0050966549116376655
990,-0.023494558697541912,0.0214511000363283
991,-0.9195410898591952,-0.00994246703902644
992,0.27983342368531094,-0.03088511214618243
993,1.735190358870088,-0.01842830684753179
994,-1.4848763202032922,0.016151933231800416
995,-0.02122558657931664,-0.004687772816861456
996,-0.06639711811690796,-0.01240186096258665
997,-0.8043605751042844,0.026342916532792804
998,-0.6245033485605231,0.012618808062960802
999,1.3715483616906403,-0.019742341345099643
1000,-1.1417439247133967,0.02480938486523988
